true_label,edge_pred,final_pred,confidence,margin,route,threshold_used,margin_threshold_used,transmitted_bytes,used_cloud,sent_embedding,embedding_l2
car_horn,gun_shot,car_horn,0.3162871,0.037529767,raw_audio,0.356,0.144,128000,True,False,18.937506
car_horn,gun_shot,gun_shot,0.3807348,0.15423666,alert_only,0.37699999999999995,0.1185,64,False,False,19.58788
car_horn,dog_bark,street_music,0.31223518,0.041896224,embedding,0.26799999999999996,0.069,320,False,True,18.218468
car_horn,gun_shot,gun_shot,0.36496735,0.15903622,alert_only,0.3489999999999999,0.07750000000000001,64,False,False,17.452118
car_horn,gun_shot,gun_shot,0.3577229,0.15669334,alert_only,0.32499999999999996,0.07400000000000001,64,False,False,16.880966
dog_bark,dog_bark,dog_bark,0.41730252,0.09666386,alert_only,0.19799999999999995,0.05,64,False,False,20.699505
dog_bark,dog_bark,dog_bark,0.41010505,0.0386011,embedding,0.176,0.05,320,False,True,22.4794
dog_bark,siren,siren,0.56714565,0.29618672,alert_only,0.261,0.07100000000000001,64,False,False,22.754711
dog_bark,siren,dog_bark,0.4355237,0.068502784,embedding,0.261,0.07100000000000001,320,False,True,23.68317
children_playing,dog_bark,dog_bark,0.58585745,0.4452644,alert_only,0.176,0.05,64,False,False,18.430077
children_playing,dog_bark,dog_bark,0.6127078,0.4780904,alert_only,0.176,0.05,64,False,False,19.347864
children_playing,dog_bark,dog_bark,0.5758737,0.453248,alert_only,0.176,0.05,64,False,False,17.894508
children_playing,dog_bark,dog_bark,0.5933838,0.43643856,alert_only,0.176,0.05,64,False,False,17.942873
children_playing,dog_bark,dog_bark,0.5343308,0.3920466,alert_only,0.176,0.05,64,False,False,16.386616
children_playing,dog_bark,dog_bark,0.5034764,0.36312693,alert_only,0.176,0.05,64,False,False,15.493975
children_playing,dog_bark,dog_bark,0.5313221,0.39583963,alert_only,0.176,0.05,64,False,False,16.201687
children_playing,dog_bark,dog_bark,0.5117376,0.3669241,alert_only,0.176,0.05,64,False,False,16.353098
dog_bark,gun_shot,gun_shot,0.3056322,0.007896721,embedding,0.27599999999999997,0.07400000000000001,320,False,True,18.590254
dog_bark,dog_bark,dog_bark,0.3136765,0.03614676,embedding,0.176,0.05,320,False,True,18.22932
engine_idling,siren,siren,0.39701596,0.19025432,alert_only,0.261,0.07100000000000001,64,False,False,15.097883
engine_idling,siren,siren,0.39300698,0.18468781,alert_only,0.261,0.07100000000000001,64,False,False,15.3319845
engine_idling,siren,siren,0.4200311,0.21916881,alert_only,0.261,0.07100000000000001,64,False,False,15.704251
engine_idling,siren,siren,0.363286,0.15336001,alert_only,0.261,0.07100000000000001,64,False,False,14.983268
engine_idling,siren,siren,0.33854923,0.12384614,alert_only,0.261,0.07100000000000001,64,False,False,14.58638
engine_idling,siren,siren,0.33370134,0.12025796,alert_only,0.261,0.07100000000000001,64,False,False,14.7215805
engine_idling,siren,siren,0.3036819,0.078364566,alert_only,0.261,0.07100000000000001,64,False,False,14.646671
engine_idling,siren,siren,0.32950634,0.11192155,alert_only,0.261,0.07100000000000001,64,False,False,14.396741
engine_idling,siren,siren,0.38392508,0.17627206,alert_only,0.261,0.07100000000000001,64,False,False,15.053089
engine_idling,siren,siren,0.37987947,0.17670909,alert_only,0.261,0.07100000000000001,64,False,False,14.96596
engine_idling,siren,siren,0.36921045,0.15928522,alert_only,0.261,0.07100000000000001,64,False,False,15.007289
engine_idling,siren,siren,0.32159433,0.11417991,alert_only,0.261,0.07100000000000001,64,False,False,14.454657
engine_idling,siren,siren,0.40131927,0.2026125,alert_only,0.261,0.07100000000000001,64,False,False,14.926126
engine_idling,siren,siren,0.3842833,0.18002272,alert_only,0.261,0.07100000000000001,64,False,False,15.053558
engine_idling,siren,siren,0.3800792,0.18206847,alert_only,0.261,0.07100000000000001,64,False,False,14.866613
engine_idling,siren,siren,0.4287486,0.24096128,alert_only,0.261,0.07100000000000001,64,False,False,15.2942915
engine_idling,siren,siren,0.3856315,0.18115398,alert_only,0.261,0.07100000000000001,64,False,False,15.452681
engine_idling,siren,siren,0.31108633,0.099521786,alert_only,0.261,0.07100000000000001,64,False,False,14.130876
engine_idling,siren,siren,0.4379789,0.24858263,alert_only,0.261,0.07100000000000001,64,False,False,15.369147
engine_idling,siren,siren,0.4163953,0.22616825,alert_only,0.261,0.07100000000000001,64,False,False,15.092982
engine_idling,siren,siren,0.39761677,0.20301907,alert_only,0.261,0.07100000000000001,64,False,False,15.11365
engine_idling,siren,siren,0.38801923,0.19081475,alert_only,0.261,0.07100000000000001,64,False,False,15.029441
engine_idling,siren,siren,0.37207657,0.16038376,alert_only,0.261,0.07100000000000001,64,False,False,15.432568
engine_idling,siren,siren,0.38570812,0.18479954,alert_only,0.261,0.07100000000000001,64,False,False,14.648986
engine_idling,siren,siren,0.3547611,0.137529,alert_only,0.261,0.07100000000000001,64,False,False,15.4039
engine_idling,siren,siren,0.3811247,0.18351886,alert_only,0.261,0.07100000000000001,64,False,False,14.708829
engine_idling,siren,siren,0.36781064,0.16214436,alert_only,0.261,0.07100000000000001,64,False,False,14.881834
engine_idling,siren,siren,0.3823651,0.18100496,alert_only,0.261,0.07100000000000001,64,False,False,14.916965
engine_idling,siren,siren,0.37479177,0.1738813,alert_only,0.261,0.07100000000000001,64,False,False,14.79385
engine_idling,siren,siren,0.37649027,0.17537877,alert_only,0.261,0.07100000000000001,64,False,False,14.745426
engine_idling,siren,siren,0.41055498,0.21526273,alert_only,0.261,0.07100000000000001,64,False,False,15.208654
engine_idling,engine_idling,engine_idling,0.18534687,0.038315237,embedding,0.14699999999999996,0.05,320,False,True,10.344808
engine_idling,children_playing,children_playing,0.176868,0.013256356,embedding,0.14299999999999996,0.05,320,False,True,11.1322775
engine_idling,street_music,engine_idling,0.17023268,0.004624188,embedding,0.136,0.05,320,False,True,10.749936
engine_idling,engine_idling,engine_idling,0.33472955,0.07683113,alert_only,0.14699999999999996,0.05,64,False,False,14.136263
engine_idling,engine_idling,engine_idling,0.32596928,0.0771994,alert_only,0.14699999999999996,0.05,64,False,False,13.87837
engine_idling,engine_idling,engine_idling,0.27897924,0.050878465,alert_only,0.14699999999999996,0.05,64,False,False,13.626519
engine_idling,engine_idling,engine_idling,0.23793441,0.003328696,embedding,0.14699999999999996,0.05,320,False,True,13.751008
engine_idling,air_conditioner,gun_shot,0.24284688,0.013669059,embedding,0.15399999999999997,0.05,320,False,True,13.867648
street_music,street_music,street_music,0.27395725,0.07444021,alert_only,0.136,0.05,64,False,False,19.449224
street_music,children_playing,children_playing,0.28155044,0.057037547,alert_only,0.14299999999999996,0.05,64,False,False,17.717852
street_music,street_music,street_music,0.279948,0.059416026,alert_only,0.136,0.05,64,False,False,18.309673
street_music,street_music,street_music,0.24435325,0.0336657,embedding,0.136,0.05,320,False,True,19.32075
street_music,street_music,street_music,0.2631854,0.011940926,embedding,0.136,0.05,320,False,True,17.392088
street_music,street_music,street_music,0.28419352,0.08286755,alert_only,0.136,0.05,64,False,False,19.671707
street_music,street_music,street_music,0.24547073,0.05168353,alert_only,0.136,0.05,64,False,False,19.32897
street_music,street_music,street_music,0.4157081,0.28581086,alert_only,0.136,0.05,64,False,False,13.759702
street_music,street_music,street_music,0.41408,0.28732973,alert_only,0.136,0.05,64,False,False,11.945565
street_music,street_music,street_music,0.30358908,0.16614488,alert_only,0.136,0.05,64,False,False,10.423705
street_music,street_music,street_music,0.28487915,0.12475337,alert_only,0.136,0.05,64,False,False,10.928091
street_music,street_music,street_music,0.34237522,0.22423442,alert_only,0.136,0.05,64,False,False,11.859277
street_music,dog_bark,street_music,0.16883126,0.024120092,raw_audio,0.176,0.05,128000,True,False,8.912766
dog_bark,gun_shot,gun_shot,0.3445576,0.034736514,embedding,0.27599999999999997,0.07400000000000001,320,False,True,19.840834
dog_bark,dog_bark,dog_bark,0.36318302,0.11905801,alert_only,0.176,0.05,64,False,False,18.768864
street_music,street_music,street_music,0.72040707,0.6379494,alert_only,0.136,0.05,64,False,False,24.63095
street_music,street_music,street_music,0.6971722,0.589829,alert_only,0.136,0.05,64,False,False,21.949213
street_music,street_music,street_music,0.6415345,0.5185266,alert_only,0.136,0.05,64,False,False,21.317099
street_music,street_music,street_music,0.629174,0.501903,alert_only,0.136,0.05,64,False,False,20.193666
street_music,street_music,street_music,0.36758915,0.14844199,alert_only,0.136,0.05,64,False,False,18.576126
street_music,street_music,street_music,0.42042297,0.21888135,alert_only,0.136,0.05,64,False,False,17.668102
drilling,siren,siren,0.56715965,0.4026063,alert_only,0.261,0.07100000000000001,64,False,False,15.770582
drilling,siren,siren,0.65734,0.51084816,alert_only,0.261,0.07100000000000001,64,False,False,17.49472
drilling,siren,siren,0.57777965,0.40703315,alert_only,0.261,0.07100000000000001,64,False,False,15.772459
drilling,siren,siren,0.6197976,0.4604469,alert_only,0.261,0.07100000000000001,64,False,False,16.020758
drilling,siren,siren,0.6432594,0.5037018,alert_only,0.261,0.07100000000000001,64,False,False,15.585507
drilling,siren,siren,0.57433635,0.40535235,alert_only,0.261,0.07100000000000001,64,False,False,15.115796
drilling,siren,siren,0.65681064,0.50831234,alert_only,0.261,0.07100000000000001,64,False,False,18.562504
drilling,siren,siren,0.44218147,0.21029924,alert_only,0.261,0.07100000000000001,64,False,False,15.9755535
drilling,siren,siren,0.5102675,0.31166035,alert_only,0.261,0.07100000000000001,64,False,False,15.858797
drilling,siren,siren,0.57752085,0.39925504,alert_only,0.261,0.07100000000000001,64,False,False,15.958301
drilling,siren,siren,0.5079128,0.32107234,alert_only,0.261,0.07100000000000001,64,False,False,14.764549
drilling,siren,siren,0.34423754,0.08523288,alert_only,0.261,0.07100000000000001,64,False,False,14.780502
drilling,siren,siren,0.2704183,0.02311705,embedding,0.261,0.07100000000000001,320,False,True,13.130718
drilling,siren,siren,0.40408587,0.19449325,alert_only,0.261,0.07100000000000001,64,False,False,13.412567
engine_idling,engine_idling,engine_idling,0.27848253,0.032719642,embedding,0.14699999999999996,0.05,320,False,True,13.718036
engine_idling,engine_idling,engine_idling,0.24819371,0.006375432,embedding,0.14699999999999996,0.05,320,False,True,13.018246
engine_idling,engine_idling,engine_idling,0.29501545,0.055884287,alert_only,0.14699999999999996,0.05,64,False,False,13.666179
engine_idling,engine_idling,engine_idling,0.32707942,0.12741472,alert_only,0.14699999999999996,0.05,64,False,False,14.700281
engine_idling,engine_idling,engine_idling,0.3514175,0.17221668,alert_only,0.14699999999999996,0.05,64,False,False,14.820313
engine_idling,engine_idling,engine_idling,0.34880918,0.15774153,alert_only,0.14699999999999996,0.05,64,False,False,14.523386
engine_idling,engine_idling,engine_idling,0.33084548,0.17424412,alert_only,0.14699999999999996,0.05,64,False,False,15.018022
engine_idling,engine_idling,engine_idling,0.31883168,0.1602714,alert_only,0.14699999999999996,0.05,64,False,False,14.618103
engine_idling,engine_idling,engine_idling,0.30360976,0.1376846,alert_only,0.14699999999999996,0.05,64,False,False,14.049199
engine_idling,engine_idling,engine_idling,0.30910847,0.1398543,alert_only,0.14699999999999996,0.05,64,False,False,14.545272
air_conditioner,children_playing,street_music,0.19206184,0.028187498,embedding,0.14299999999999996,0.05,320,False,True,11.508495
air_conditioner,children_playing,children_playing,0.19562304,0.026059851,embedding,0.14299999999999996,0.05,320,False,True,11.204905
air_conditioner,children_playing,children_playing,0.20588927,0.035145104,embedding,0.14299999999999996,0.05,320,False,True,11.823622
dog_bark,dog_bark,dog_bark,0.55829525,0.2884555,alert_only,0.176,0.05,64,False,False,24.474545
dog_bark,dog_bark,dog_bark,0.60226446,0.36339724,alert_only,0.176,0.05,64,False,False,21.351841
dog_bark,dog_bark,dog_bark,0.4215233,0.09039873,alert_only,0.176,0.05,64,False,False,24.097319
dog_bark,dog_bark,dog_bark,0.5851058,0.36299413,alert_only,0.176,0.05,64,False,False,23.38536
dog_bark,dog_bark,dog_bark,0.5213257,0.31322354,alert_only,0.176,0.05,64,False,False,17.737547
dog_bark,dog_bark,dog_bark,0.3784938,0.034092456,embedding,0.176,0.05,320,False,True,18.6454
dog_bark,dog_bark,dog_bark,0.40957034,0.14021015,alert_only,0.176,0.05,64,False,False,16.209206
dog_bark,dog_bark,dog_bark,0.4619799,0.1262748,alert_only,0.176,0.05,64,False,False,19.630074
children_playing,dog_bark,dog_bark,0.3780596,0.09188774,alert_only,0.176,0.05,64,False,False,18.627981
children_playing,dog_bark,dog_bark,0.38092625,0.1102615,alert_only,0.176,0.05,64,False,False,19.653967
children_playing,dog_bark,dog_bark,0.48047712,0.2055819,alert_only,0.176,0.05,64,False,False,18.319088
children_playing,dog_bark,dog_bark,0.45318183,0.20437075,alert_only,0.176,0.05,64,False,False,16.233152
children_playing,dog_bark,dog_bark,0.37221655,0.1377926,alert_only,0.176,0.05,64,False,False,15.010575
children_playing,dog_bark,dog_bark,0.35411358,0.14534093,alert_only,0.176,0.05,64,False,False,15.028595
children_playing,dog_bark,dog_bark,0.3903931,0.08035588,alert_only,0.176,0.05,64,False,False,21.64581
children_playing,dog_bark,dog_bark,0.3175534,0.10670999,alert_only,0.176,0.05,64,False,False,14.212282
street_music,street_music,street_music,0.27175316,0.053087145,alert_only,0.136,0.05,64,False,False,14.995871
street_music,children_playing,children_playing,0.24601798,0.056017116,alert_only,0.14299999999999996,0.05,64,False,False,14.983535
street_music,children_playing,children_playing,0.26316598,0.064020336,alert_only,0.14299999999999996,0.05,64,False,False,14.101336
street_music,children_playing,children_playing,0.21827163,0.025383413,embedding,0.14299999999999996,0.05,320,False,True,14.686568
street_music,siren,air_conditioner,0.26926678,0.06921993,embedding,0.261,0.07100000000000001,320,False,True,15.337085
street_music,siren,siren,0.37269822,0.24028435,alert_only,0.261,0.07100000000000001,64,False,False,16.176313
street_music,street_music,street_music,0.77686757,0.71218896,alert_only,0.136,0.05,64,False,False,21.595177
street_music,street_music,street_music,0.3690318,0.23101242,alert_only,0.136,0.05,64,False,False,12.548934
street_music,air_conditioner,air_conditioner,0.20503545,0.001486063,embedding,0.15399999999999997,0.05,320,False,True,11.091011
street_music,street_music,street_music,0.21401769,0.02677475,embedding,0.136,0.05,320,False,True,11.062127
street_music,street_music,street_music,0.37160963,0.19072711,alert_only,0.136,0.05,64,False,False,12.656683
street_music,street_music,street_music,0.38464856,0.23603916,alert_only,0.136,0.05,64,False,False,12.25574
engine_idling,gun_shot,gun_shot,0.28321847,0.055121303,embedding,0.27599999999999997,0.07400000000000001,320,False,True,15.345281
engine_idling,gun_shot,gun_shot,0.30651352,0.10675855,alert_only,0.27599999999999997,0.07400000000000001,64,False,False,15.240412
dog_bark,dog_bark,dog_bark,0.30070177,0.04567811,embedding,0.176,0.05,320,False,True,17.609838
dog_bark,street_music,street_music,0.27858928,0.081271276,alert_only,0.136,0.05,64,False,False,11.422343
dog_bark,street_music,street_music,0.28405762,0.10345101,alert_only,0.136,0.05,64,False,False,10.485865
dog_bark,gun_shot,gun_shot,0.35190645,0.14180267,alert_only,0.27599999999999997,0.07400000000000001,64,False,False,16.64743
dog_bark,dog_bark,dog_bark,0.19461212,0.031362697,embedding,0.176,0.05,320,False,True,10.20827
children_playing,dog_bark,dog_bark,0.391904,0.18815662,alert_only,0.176,0.05,64,False,False,12.977381
children_playing,dog_bark,dog_bark,0.31815314,0.16715813,alert_only,0.176,0.05,64,False,False,11.0353985
children_playing,dog_bark,dog_bark,0.4578919,0.2562048,alert_only,0.176,0.05,64,False,False,14.197577
children_playing,dog_bark,dog_bark,0.32621172,0.11875355,alert_only,0.176,0.05,64,False,False,14.005348
children_playing,street_music,street_music,0.16779007,0.018340737,embedding,0.136,0.05,320,False,True,9.549076
children_playing,children_playing,children_playing,0.23954098,0.06286313,alert_only,0.14299999999999996,0.05,64,False,False,13.061315
children_playing,street_music,street_music,0.2627293,0.0863664,alert_only,0.136,0.05,64,False,False,12.679968
children_playing,dog_bark,dog_bark,0.24890481,0.06492327,alert_only,0.176,0.05,64,False,False,10.971952
drilling,street_music,street_music,0.41179618,0.07171178,alert_only,0.136,0.05,64,False,False,27.93096
street_music,children_playing,children_playing,0.27687624,0.10772075,alert_only,0.14299999999999996,0.05,64,False,False,15.847436
street_music,air_conditioner,street_music,0.2520527,0.038874477,embedding,0.15399999999999997,0.05,320,False,True,16.320694
street_music,engine_idling,street_music,0.22913125,0.018637538,embedding,0.14699999999999996,0.05,320,False,True,13.7965145
street_music,air_conditioner,street_music,0.23050964,0.027275667,embedding,0.15399999999999997,0.05,320,False,True,17.306597
street_music,air_conditioner,air_conditioner,0.2511185,0.052677065,alert_only,0.15399999999999997,0.05,64,False,False,16.520674
street_music,air_conditioner,dog_bark,0.26329762,0.037369356,embedding,0.15399999999999997,0.05,320,False,True,15.665735
street_music,street_music,street_music,0.7367709,0.6578476,alert_only,0.136,0.05,64,False,False,21.594872
street_music,street_music,street_music,0.8337437,0.7627667,alert_only,0.136,0.05,64,False,False,23.439812
street_music,street_music,street_music,0.77227813,0.7096872,alert_only,0.136,0.05,64,False,False,21.33056
street_music,street_music,street_music,0.7450498,0.6710988,alert_only,0.136,0.05,64,False,False,20.397036
street_music,street_music,street_music,0.8798945,0.8377772,alert_only,0.136,0.05,64,False,False,29.473606
street_music,street_music,street_music,0.7416887,0.63987345,alert_only,0.136,0.05,64,False,False,21.140974
children_playing,children_playing,children_playing,0.2419015,0.0056747645,embedding,0.14299999999999996,0.05,320,False,True,13.302366
children_playing,street_music,street_music,0.20977086,0.008843005,embedding,0.136,0.05,320,False,True,13.073152
children_playing,street_music,street_music,0.25068504,0.06603654,alert_only,0.136,0.05,64,False,False,12.360219
children_playing,street_music,dog_bark,0.20898284,0.0023486018,embedding,0.136,0.05,320,False,True,13.602903
children_playing,street_music,street_music,0.2617101,0.061263725,alert_only,0.136,0.05,64,False,False,13.602893
children_playing,children_playing,children_playing,0.21589947,0.022940844,embedding,0.14299999999999996,0.05,320,False,True,11.569214
children_playing,street_music,siren,0.2199665,0.041597173,embedding,0.136,0.05,320,False,True,12.95064
children_playing,street_music,car_horn,0.2046227,0.032535553,embedding,0.136,0.05,320,False,True,11.153223
children_playing,air_conditioner,street_music,0.22685999,0.011248633,embedding,0.15399999999999997,0.05,320,False,True,15.236505
children_playing,children_playing,children_playing,0.2673338,0.06756121,alert_only,0.14299999999999996,0.05,64,False,False,15.452649
children_playing,children_playing,children_playing,0.2798543,0.10085446,alert_only,0.14299999999999996,0.05,64,False,False,14.828402
children_playing,children_playing,children_playing,0.25570863,0.032762468,embedding,0.14299999999999996,0.05,320,False,True,15.665009
children_playing,children_playing,children_playing,0.28263286,0.09011939,alert_only,0.14299999999999996,0.05,64,False,False,16.51603
children_playing,children_playing,children_playing,0.28139344,0.107357144,alert_only,0.14299999999999996,0.05,64,False,False,15.308111
children_playing,children_playing,children_playing,0.26221555,0.06915122,alert_only,0.14299999999999996,0.05,64,False,False,14.317116
children_playing,children_playing,children_playing,0.23321839,0.050897226,alert_only,0.14299999999999996,0.05,64,False,False,11.492628
dog_bark,dog_bark,dog_bark,0.6494191,0.5444375,alert_only,0.176,0.05,64,False,False,20.708448
engine_idling,siren,engine_idling,0.32405728,0.04655832,embedding,0.261,0.07100000000000001,320,False,True,15.860668
engine_idling,children_playing,engine_idling,0.2868509,0.0053726435,embedding,0.14299999999999996,0.05,320,False,True,14.905052
engine_idling,children_playing,children_playing,0.3001861,0.053473845,alert_only,0.14299999999999996,0.05,64,False,False,14.962267
engine_idling,children_playing,children_playing,0.3069456,0.052925795,alert_only,0.14299999999999996,0.05,64,False,False,15.765453
engine_idling,children_playing,jackhammer,0.2934741,0.018827409,embedding,0.14299999999999996,0.05,320,False,True,15.427572
engine_idling,children_playing,children_playing,0.30776948,0.05925554,alert_only,0.14299999999999996,0.05,64,False,False,15.150006
engine_idling,children_playing,children_playing,0.30192393,0.0512349,alert_only,0.14299999999999996,0.05,64,False,False,15.278422
engine_idling,children_playing,children_playing,0.3089774,0.054333955,alert_only,0.14299999999999996,0.05,64,False,False,15.72881
engine_idling,siren,street_music,0.33036828,0.057351053,embedding,0.261,0.07100000000000001,320,False,True,15.665572
engine_idling,siren,siren,0.35449117,0.082104236,alert_only,0.261,0.07100000000000001,64,False,False,16.072405
engine_idling,siren,jackhammer,0.309041,0.021230906,embedding,0.261,0.07100000000000001,320,False,True,15.694918
engine_idling,children_playing,children_playing,0.2953463,0.052399084,alert_only,0.14299999999999996,0.05,64,False,False,14.6743145
engine_idling,children_playing,engine_idling,0.28320742,0.036873028,embedding,0.14299999999999996,0.05,320,False,True,13.498881
engine_idling,children_playing,children_playing,0.29884952,0.065503016,alert_only,0.14299999999999996,0.05,64,False,False,14.307819
engine_idling,children_playing,children_playing,0.2839157,0.07223199,alert_only,0.14299999999999996,0.05,64,False,False,12.103715
engine_idling,children_playing,children_playing,0.28816336,0.06882736,alert_only,0.14299999999999996,0.05,64,False,False,12.801363
engine_idling,children_playing,engine_idling,0.29336017,0.047874242,embedding,0.14299999999999996,0.05,320,False,True,14.36487
engine_idling,children_playing,children_playing,0.28188485,0.050498113,alert_only,0.14299999999999996,0.05,64,False,False,13.250599
engine_idling,siren,siren,0.2926753,0.010757506,embedding,0.261,0.07100000000000001,320,False,True,15.152384
engine_idling,siren,siren,0.27926555,0.01629901,embedding,0.261,0.07100000000000001,320,False,True,14.4692545
gun_shot,gun_shot,gun_shot,0.41639057,0.229826,alert_only,0.27599999999999997,0.07400000000000001,64,False,False,18.059317
gun_shot,gun_shot,gun_shot,0.4005933,0.18893029,alert_only,0.27599999999999997,0.07400000000000001,64,False,False,18.353897
gun_shot,gun_shot,gun_shot,0.40117902,0.22140682,alert_only,0.27599999999999997,0.07400000000000001,64,False,False,16.95363
gun_shot,gun_shot,gun_shot,0.4230604,0.21946095,alert_only,0.27599999999999997,0.07400000000000001,64,False,False,18.823298
gun_shot,gun_shot,gun_shot,0.40753478,0.18796541,alert_only,0.27599999999999997,0.07400000000000001,64,False,False,19.361137
gun_shot,gun_shot,gun_shot,0.4103273,0.19120298,alert_only,0.27599999999999997,0.07400000000000001,64,False,False,19.433561
gun_shot,gun_shot,gun_shot,0.40125445,0.20636243,alert_only,0.27599999999999997,0.07400000000000001,64,False,False,17.154903
gun_shot,gun_shot,gun_shot,0.4209146,0.22062488,alert_only,0.27599999999999997,0.07400000000000001,64,False,False,18.478115
gun_shot,gun_shot,gun_shot,0.41202232,0.19867477,alert_only,0.27599999999999997,0.07400000000000001,64,False,False,19.21875
gun_shot,gun_shot,gun_shot,0.3981048,0.17885181,alert_only,0.27599999999999997,0.07400000000000001,64,False,False,19.228489
gun_shot,gun_shot,gun_shot,0.40010047,0.2136359,alert_only,0.27599999999999997,0.07400000000000001,64,False,False,17.062662
gun_shot,gun_shot,gun_shot,0.39888665,0.20923436,alert_only,0.27599999999999997,0.07400000000000001,64,False,False,18.739475
gun_shot,gun_shot,gun_shot,0.3805431,0.1887968,alert_only,0.27599999999999997,0.07400000000000001,64,False,False,16.814737
siren,engine_idling,engine_idling,0.16949254,0.0076420456,embedding,0.14699999999999996,0.05,320,False,True,12.301126
siren,children_playing,children_playing,0.19522092,0.059653312,alert_only,0.14299999999999996,0.05,64,False,False,11.74668
siren,siren,siren,0.35940212,0.20451404,alert_only,0.261,0.07100000000000001,64,False,False,12.463541
siren,siren,siren,0.26104954,0.13257928,alert_only,0.261,0.07100000000000001,64,False,False,10.361431
siren,siren,siren,0.18515478,0.032692,raw_audio,0.261,0.07100000000000001,128000,True,False,9.809054
siren,jackhammer,dog_bark,0.16725336,0.041945636,raw_audio,0.176,0.05,128000,True,False,8.7441845
siren,jackhammer,siren,0.15072732,0.025634393,raw_audio,0.176,0.05,128000,True,False,8.79519
siren,engine_idling,engine_idling,0.16366616,0.009815842,embedding,0.14699999999999996,0.05,320,False,True,11.54116
siren,siren,siren,0.2550228,0.0551752,raw_audio,0.261,0.07100000000000001,128000,True,False,14.329994
siren,siren,siren,0.4134063,0.21414398,alert_only,0.261,0.07100000000000001,64,False,False,21.126143
siren,siren,siren,0.65206766,0.5644252,alert_only,0.261,0.07100000000000001,64,False,False,19.613787
siren,siren,siren,0.70858246,0.5819369,alert_only,0.261,0.07100000000000001,64,False,False,18.221159
siren,siren,siren,0.6550289,0.4894753,alert_only,0.261,0.07100000000000001,64,False,False,20.832718
siren,siren,siren,0.5478095,0.28255534,alert_only,0.261,0.07100000000000001,64,False,False,20.19568
siren,siren,siren,0.5316059,0.28774098,alert_only,0.261,0.07100000000000001,64,False,False,16.864935
jackhammer,jackhammer,jackhammer,0.2689225,0.12241101,alert_only,0.176,0.05,64,False,False,12.581814
jackhammer,jackhammer,jackhammer,0.25373036,0.092978105,alert_only,0.176,0.05,64,False,False,11.832931
jackhammer,jackhammer,jackhammer,0.18692902,0.01800549,embedding,0.176,0.05,320,False,True,10.562742
jackhammer,dog_bark,dog_bark,0.3227317,0.10589081,alert_only,0.176,0.05,64,False,False,15.400942
jackhammer,children_playing,children_playing,0.21670976,0.073682085,alert_only,0.14299999999999996,0.05,64,False,False,9.739481
jackhammer,children_playing,car_horn,0.17981328,0.02053003,embedding,0.14299999999999996,0.05,320,False,True,8.267853
jackhammer,children_playing,jackhammer,0.17689611,0.0165724,embedding,0.14299999999999996,0.05,320,False,True,8.671857
jackhammer,children_playing,jackhammer,0.18832012,0.027091667,embedding,0.14299999999999996,0.05,320,False,True,9.48075
jackhammer,siren,engine_idling,0.23687851,0.04156661,raw_audio,0.261,0.07100000000000001,128000,True,False,10.006113
jackhammer,siren,jackhammer,0.2189577,0.016041711,raw_audio,0.261,0.07100000000000001,128000,True,False,9.921153
jackhammer,siren,siren,0.27671534,0.11224635,alert_only,0.261,0.07100000000000001,64,False,False,9.079315
jackhammer,siren,jackhammer,0.23882,0.0912983,raw_audio,0.261,0.07100000000000001,128000,True,False,8.668466
jackhammer,jackhammer,jackhammer,0.19693062,0.031055927,embedding,0.176,0.05,320,False,True,8.988368
jackhammer,jackhammer,jackhammer,0.18770836,0.037550464,embedding,0.176,0.05,320,False,True,8.489494
jackhammer,jackhammer,jackhammer,0.22498065,0.08593634,alert_only,0.176,0.05,64,False,False,8.599881
jackhammer,jackhammer,jackhammer,0.20318177,0.070584774,alert_only,0.176,0.05,64,False,False,8.411783
jackhammer,children_playing,jackhammer,0.16925877,0.016429678,embedding,0.14299999999999996,0.05,320,False,True,7.3452487
jackhammer,jackhammer,jackhammer,0.15701501,0.0012686849,raw_audio,0.176,0.05,128000,True,False,8.006093
jackhammer,jackhammer,jackhammer,0.23929605,0.12501907,alert_only,0.176,0.05,64,False,False,8.565348
jackhammer,jackhammer,jackhammer,0.19528577,0.0493304,embedding,0.176,0.05,320,False,True,8.001748
jackhammer,children_playing,jackhammer,0.16886315,0.009975791,embedding,0.14299999999999996,0.05,320,False,True,7.8824143
jackhammer,siren,siren,0.26387954,0.09807527,alert_only,0.261,0.07100000000000001,64,False,False,10.956926
jackhammer,siren,drilling,0.21922047,0.031492516,raw_audio,0.261,0.07100000000000001,128000,True,False,10.83763
jackhammer,siren,jackhammer,0.24090464,0.0623661,raw_audio,0.261,0.07100000000000001,128000,True,False,9.624684
jackhammer,siren,jackhammer,0.23230536,0.06725158,raw_audio,0.261,0.07100000000000001,128000,True,False,8.479115
jackhammer,siren,street_music,0.19282213,0.018494517,raw_audio,0.261,0.07100000000000001,128000,True,False,9.238782
jackhammer,siren,siren,0.27463618,0.10239802,alert_only,0.261,0.07100000000000001,64,False,False,9.915584
jackhammer,siren,jackhammer,0.24173658,0.09362,raw_audio,0.261,0.07100000000000001,128000,True,False,8.884192
jackhammer,children_playing,jackhammer,0.18344042,0.014255151,embedding,0.14299999999999996,0.05,320,False,True,8.495809
jackhammer,jackhammer,jackhammer,0.22761676,0.07317181,alert_only,0.176,0.05,64,False,False,10.252865
jackhammer,jackhammer,jackhammer,0.20403735,0.060700268,alert_only,0.176,0.05,64,False,False,9.285606
jackhammer,children_playing,jackhammer,0.16526215,0.01725763,embedding,0.14299999999999996,0.05,320,False,True,8.523767
jackhammer,children_playing,jackhammer,0.1483309,0.0012840182,embedding,0.14299999999999996,0.05,320,False,True,7.988578
jackhammer,jackhammer,jackhammer,0.19457558,0.070903495,alert_only,0.176,0.05,64,False,False,8.521973
jackhammer,children_playing,jackhammer,0.19073941,0.0454901,embedding,0.14299999999999996,0.05,320,False,True,10.1176
jackhammer,children_playing,jackhammer,0.17354718,0.036400944,embedding,0.14299999999999996,0.05,320,False,True,8.925808
jackhammer,children_playing,jackhammer,0.19278492,0.03093049,embedding,0.14299999999999996,0.05,320,False,True,11.003232
jackhammer,children_playing,jackhammer,0.19194613,0.047563195,embedding,0.14299999999999996,0.05,320,False,True,10.396158
jackhammer,siren,siren,0.20772526,0.0342139,raw_audio,0.261,0.07100000000000001,128000,True,False,10.647541
jackhammer,jackhammer,jackhammer,0.1772548,0.0113425255,embedding,0.176,0.05,320,False,True,10.690255
jackhammer,siren,jackhammer,0.16766044,0.001943171,raw_audio,0.261,0.07100000000000001,128000,True,False,10.73489
jackhammer,children_playing,engine_idling,0.19154781,0.018555745,embedding,0.14299999999999996,0.05,320,False,True,12.197873
jackhammer,children_playing,children_playing,0.2775154,0.08933397,alert_only,0.14299999999999996,0.05,64,False,False,13.24805
jackhammer,gun_shot,gun_shot,0.32773158,0.11567257,alert_only,0.27599999999999997,0.07400000000000001,64,False,False,15.737985
jackhammer,gun_shot,gun_shot,0.3537013,0.15486306,alert_only,0.27599999999999997,0.07400000000000001,64,False,False,16.379034
jackhammer,gun_shot,gun_shot,0.36145177,0.16329865,alert_only,0.27599999999999997,0.07400000000000001,64,False,False,16.754944
jackhammer,siren,siren,0.29422987,0.14285155,alert_only,0.261,0.07100000000000001,64,False,False,10.814938
jackhammer,siren,siren,0.34962764,0.1304844,alert_only,0.261,0.07100000000000001,64,False,False,13.490367
jackhammer,siren,jackhammer,0.20085967,0.003044799,raw_audio,0.261,0.07100000000000001,128000,True,False,9.0011425
jackhammer,siren,jackhammer,0.20026903,0.022617638,raw_audio,0.261,0.07100000000000001,128000,True,False,8.684214
jackhammer,children_playing,drilling,0.17397489,0.00094246864,embedding,0.14299999999999996,0.05,320,False,True,8.250491
jackhammer,jackhammer,jackhammer,0.15287626,0.0048841834,raw_audio,0.176,0.05,128000,True,False,6.416191
jackhammer,children_playing,children_playing,0.16242334,0.012062222,embedding,0.14299999999999996,0.05,320,False,True,7.199923
jackhammer,children_playing,children_playing,0.21081012,0.06516604,alert_only,0.14299999999999996,0.05,64,False,False,10.363517
jackhammer,children_playing,children_playing,0.19468349,0.03701821,embedding,0.14299999999999996,0.05,320,False,True,10.261185
jackhammer,jackhammer,jackhammer,0.18689789,0.0010568947,embedding,0.176,0.05,320,False,True,9.705669
jackhammer,jackhammer,jackhammer,0.19159655,0.03539726,embedding,0.176,0.05,320,False,True,8.699242
jackhammer,jackhammer,jackhammer,0.22546574,0.092962176,alert_only,0.176,0.05,64,False,False,8.231525
jackhammer,jackhammer,jackhammer,0.18004982,0.020826489,embedding,0.176,0.05,320,False,True,9.242412
jackhammer,siren,jackhammer,0.19346824,0.0393814,raw_audio,0.261,0.07100000000000001,128000,True,False,8.841485
jackhammer,siren,dog_bark,0.20230784,0.065808624,raw_audio,0.261,0.07100000000000001,128000,True,False,8.1428995
dog_bark,gun_shot,gun_shot,0.31443155,0.025578856,embedding,0.27599999999999997,0.07400000000000001,320,False,True,18.372519
dog_bark,gun_shot,gun_shot,0.3572428,0.105406016,alert_only,0.27599999999999997,0.07400000000000001,64,False,False,19.108467
children_playing,dog_bark,children_playing,0.2745315,0.008270472,embedding,0.176,0.05,320,False,True,19.451122
children_playing,children_playing,children_playing,0.2686307,0.038726524,embedding,0.14299999999999996,0.05,320,False,True,19.64032
children_playing,children_playing,children_playing,0.31296554,0.05513528,alert_only,0.14299999999999996,0.05,64,False,False,19.912458
children_playing,children_playing,children_playing,0.3084571,0.04294905,embedding,0.14299999999999996,0.05,320,False,True,20.206793
children_playing,children_playing,children_playing,0.3534374,0.18596086,alert_only,0.14299999999999996,0.05,64,False,False,16.643635
children_playing,children_playing,children_playing,0.3344112,0.12385024,alert_only,0.14299999999999996,0.05,64,False,False,18.492231
children_playing,children_playing,children_playing,0.19990101,0.063609704,alert_only,0.14299999999999996,0.05,64,False,False,11.46846
children_playing,children_playing,children_playing,0.35836673,0.17163,alert_only,0.14299999999999996,0.05,64,False,False,17.541555
street_music,street_music,street_music,0.8669044,0.80858266,alert_only,0.136,0.05,64,False,False,24.675934
street_music,street_music,street_music,0.474575,0.27058393,alert_only,0.136,0.05,64,False,False,20.201645
street_music,street_music,street_music,0.5072029,0.35049796,alert_only,0.136,0.05,64,False,False,18.266077
street_music,street_music,street_music,0.6141716,0.51566976,alert_only,0.136,0.05,64,False,False,18.502872
street_music,street_music,street_music,0.46549577,0.26255196,alert_only,0.136,0.05,64,False,False,20.390005
street_music,street_music,street_music,0.718272,0.6419835,alert_only,0.136,0.05,64,False,False,21.01609
street_music,street_music,street_music,0.8701901,0.8270713,alert_only,0.136,0.05,64,False,False,27.674265
gun_shot,dog_bark,dog_bark,0.29790932,0.05076237,alert_only,0.176,0.05,64,False,False,17.526327
siren,siren,siren,0.6235148,0.45913786,alert_only,0.261,0.07100000000000001,64,False,False,19.474142
siren,siren,siren,0.5887357,0.4043075,alert_only,0.261,0.07100000000000001,64,False,False,21.220629
siren,siren,siren,0.56097186,0.38989583,alert_only,0.261,0.07100000000000001,64,False,False,18.519331
siren,siren,siren,0.74387026,0.6374162,alert_only,0.261,0.07100000000000001,64,False,False,21.375732
siren,siren,siren,0.627902,0.47915077,alert_only,0.261,0.07100000000000001,64,False,False,19.193714
siren,siren,siren,0.53537947,0.34736484,alert_only,0.261,0.07100000000000001,64,False,False,17.803555
siren,siren,siren,0.7268364,0.63044477,alert_only,0.261,0.07100000000000001,64,False,False,17.921612
siren,siren,siren,0.7810962,0.69317484,alert_only,0.261,0.07100000000000001,64,False,False,19.40033
siren,siren,siren,0.47116148,0.27357408,alert_only,0.261,0.07100000000000001,64,False,False,15.738507
drilling,siren,drilling,0.2574851,0.07292274,raw_audio,0.261,0.07100000000000001,128000,True,False,14.271377
drilling,siren,siren,0.28520012,0.1121681,alert_only,0.261,0.07100000000000001,64,False,False,14.727354
drilling,siren,siren,0.27802044,0.111594796,alert_only,0.261,0.07100000000000001,64,False,False,11.942531
air_conditioner,children_playing,children_playing,0.309624,0.056518197,alert_only,0.14299999999999996,0.05,64,False,False,14.133497
air_conditioner,children_playing,children_playing,0.24613036,0.09989691,alert_only,0.14299999999999996,0.05,64,False,False,11.997681
air_conditioner,children_playing,children_playing,0.25429508,0.1038239,alert_only,0.14299999999999996,0.05,64,False,False,11.695759
air_conditioner,children_playing,children_playing,0.24361758,0.09148578,alert_only,0.14299999999999996,0.05,64,False,False,11.893531
air_conditioner,children_playing,children_playing,0.23685026,0.08356719,alert_only,0.14299999999999996,0.05,64,False,False,12.255715
air_conditioner,children_playing,children_playing,0.2246296,0.056540146,alert_only,0.14299999999999996,0.05,64,False,False,12.721005
air_conditioner,children_playing,jackhammer,0.22834319,0.033512816,embedding,0.14299999999999996,0.05,320,False,True,12.624015
air_conditioner,children_playing,children_playing,0.24405901,0.059959218,alert_only,0.14299999999999996,0.05,64,False,False,12.727338
air_conditioner,children_playing,children_playing,0.25108087,0.08578366,alert_only,0.14299999999999996,0.05,64,False,False,12.720881
air_conditioner,children_playing,children_playing,0.24102516,0.07201162,alert_only,0.14299999999999996,0.05,64,False,False,12.277623
air_conditioner,children_playing,children_playing,0.23688357,0.052956656,alert_only,0.14299999999999996,0.05,64,False,False,12.110388
air_conditioner,children_playing,air_conditioner,0.23964058,0.041229963,embedding,0.14299999999999996,0.05,320,False,True,12.863611
air_conditioner,children_playing,children_playing,0.22238353,0.06495473,alert_only,0.14299999999999996,0.05,64,False,False,11.521706
air_conditioner,children_playing,street_music,0.23068091,0.03494574,embedding,0.14299999999999996,0.05,320,False,True,11.974493
air_conditioner,children_playing,gun_shot,0.2372873,0.03966379,embedding,0.14299999999999996,0.05,320,False,True,12.047437
air_conditioner,children_playing,children_playing,0.23754881,0.05135639,alert_only,0.14299999999999996,0.05,64,False,False,11.189026
air_conditioner,children_playing,children_playing,0.24282935,0.097329915,alert_only,0.14299999999999996,0.05,64,False,False,10.679452
air_conditioner,children_playing,children_playing,0.20776124,0.061108023,alert_only,0.14299999999999996,0.05,64,False,False,9.7045
air_conditioner,children_playing,children_playing,0.24338947,0.09935629,alert_only,0.14299999999999996,0.05,64,False,False,12.142429
air_conditioner,children_playing,children_playing,0.23909427,0.08488245,alert_only,0.14299999999999996,0.05,64,False,False,12.383134
air_conditioner,children_playing,children_playing,0.2247232,0.06690028,alert_only,0.14299999999999996,0.05,64,False,False,12.12014
air_conditioner,children_playing,children_playing,0.23538207,0.088841096,alert_only,0.14299999999999996,0.05,64,False,False,12.007604
air_conditioner,children_playing,children_playing,0.22969913,0.074296325,alert_only,0.14299999999999996,0.05,64,False,False,11.745671
air_conditioner,children_playing,children_playing,0.22943972,0.07946597,alert_only,0.14299999999999996,0.05,64,False,False,11.991501
air_conditioner,children_playing,children_playing,0.24319549,0.09133522,alert_only,0.14299999999999996,0.05,64,False,False,12.813655
drilling,gun_shot,gun_shot,0.34989893,0.1591578,alert_only,0.27599999999999997,0.07400000000000001,64,False,False,16.101868
drilling,children_playing,drilling,0.2916957,0.012756765,embedding,0.14299999999999996,0.05,320,False,True,14.580746
drilling,gun_shot,gun_shot,0.3667508,0.16661502,alert_only,0.27599999999999997,0.07400000000000001,64,False,False,17.235422
drilling,gun_shot,gun_shot,0.3797052,0.1727313,alert_only,0.27599999999999997,0.07400000000000001,64,False,False,18.162716
gun_shot,dog_bark,dog_bark,0.34893668,0.13514343,alert_only,0.176,0.05,64,False,False,17.126583
car_horn,gun_shot,gun_shot,0.40713042,0.2116031,alert_only,0.27599999999999997,0.07400000000000001,64,False,False,18.974382
car_horn,dog_bark,dog_bark,0.33166155,0.091784686,alert_only,0.176,0.05,64,False,False,17.698164
street_music,children_playing,street_music,0.25009567,0.049614236,embedding,0.14299999999999996,0.05,320,False,True,17.268255
street_music,children_playing,children_playing,0.25672242,0.057689846,alert_only,0.14299999999999996,0.05,64,False,False,16.849869
street_music,air_conditioner,street_music,0.2535218,0.032646164,embedding,0.15399999999999997,0.05,320,False,True,15.715637
street_music,street_music,street_music,0.26010066,0.022737533,embedding,0.136,0.05,320,False,True,13.994825
street_music,air_conditioner,air_conditioner,0.23182395,0.020365193,embedding,0.15399999999999997,0.05,320,False,True,13.245342
street_music,air_conditioner,air_conditioner,0.25156307,0.061387867,alert_only,0.15399999999999997,0.05,64,False,False,13.130376
street_music,air_conditioner,air_conditioner,0.24762474,0.061815947,alert_only,0.15399999999999997,0.05,64,False,False,13.710202
street_music,street_music,street_music,0.38860458,0.25053024,alert_only,0.136,0.05,64,False,False,14.035127
street_music,street_music,street_music,0.49854964,0.36749977,alert_only,0.136,0.05,64,False,False,15.521364
street_music,street_music,street_music,0.380631,0.24488397,alert_only,0.136,0.05,64,False,False,13.800509
street_music,street_music,street_music,0.26812896,0.10822511,alert_only,0.136,0.05,64,False,False,13.203746
street_music,street_music,street_music,0.29776493,0.15102643,alert_only,0.136,0.05,64,False,False,15.721845
street_music,street_music,street_music,0.28938115,0.111425415,alert_only,0.136,0.05,64,False,False,13.118004
gun_shot,gun_shot,gun_shot,0.38775513,0.16579905,alert_only,0.27599999999999997,0.07400000000000001,64,False,False,17.696293
gun_shot,gun_shot,gun_shot,0.39410186,0.1653397,alert_only,0.27599999999999997,0.07400000000000001,64,False,False,18.085228
gun_shot,gun_shot,gun_shot,0.4012308,0.19175999,alert_only,0.27599999999999997,0.07400000000000001,64,False,False,17.93952
gun_shot,gun_shot,gun_shot,0.3928883,0.1800185,alert_only,0.27599999999999997,0.07400000000000001,64,False,False,17.715157
gun_shot,gun_shot,gun_shot,0.415877,0.23301116,alert_only,0.27599999999999997,0.07400000000000001,64,False,False,18.307707
gun_shot,gun_shot,gun_shot,0.41624373,0.235837,alert_only,0.27599999999999997,0.07400000000000001,64,False,False,18.276114
gun_shot,gun_shot,gun_shot,0.35859966,0.1156694,alert_only,0.27599999999999997,0.07400000000000001,64,False,False,17.929276
dog_bark,gun_shot,dog_bark,0.33592272,0.06315145,embedding,0.27599999999999997,0.07400000000000001,320,False,True,19.057201
dog_bark,gun_shot,gun_shot,0.38195413,0.14786094,alert_only,0.27599999999999997,0.07400000000000001,64,False,False,18.725239
dog_bark,gun_shot,gun_shot,0.39364654,0.1673527,alert_only,0.27599999999999997,0.07400000000000001,64,False,False,19.79498
car_horn,gun_shot,gun_shot,0.31021804,0.02688244,embedding,0.27599999999999997,0.07400000000000001,320,False,True,18.357965
car_horn,gun_shot,gun_shot,0.3631655,0.16546187,alert_only,0.27599999999999997,0.07400000000000001,64,False,False,16.664806
jackhammer,gun_shot,gun_shot,0.359843,0.16792071,alert_only,0.27599999999999997,0.07400000000000001,64,False,False,16.488266
jackhammer,siren,siren,0.26145142,0.0288219,embedding,0.261,0.07100000000000001,320,False,True,13.794495
jackhammer,siren,jackhammer,0.24971034,0.036923245,raw_audio,0.261,0.07100000000000001,128000,True,False,13.6624775
jackhammer,children_playing,children_playing,0.25534737,0.08825955,alert_only,0.14299999999999996,0.05,64,False,False,15.365143
jackhammer,children_playing,jackhammer,0.21788122,0.03541279,embedding,0.14299999999999996,0.05,320,False,True,13.72413
jackhammer,children_playing,street_music,0.21746811,0.03495428,embedding,0.14299999999999996,0.05,320,False,True,13.882372
jackhammer,children_playing,children_playing,0.23527685,0.02221629,embedding,0.14299999999999996,0.05,320,False,True,14.600339
jackhammer,children_playing,children_playing,0.2220998,0.017265037,embedding,0.14299999999999996,0.05,320,False,True,14.6004925
jackhammer,engine_idling,engine_idling,0.20961931,0.02167803,embedding,0.14699999999999996,0.05,320,False,True,13.471832
jackhammer,engine_idling,engine_idling,0.2232643,0.051443532,alert_only,0.14699999999999996,0.05,64,False,False,13.094846
car_horn,gun_shot,gun_shot,0.2974394,0.07853857,alert_only,0.27599999999999997,0.07400000000000001,64,False,False,16.442936
children_playing,children_playing,children_playing,0.25032768,0.05831285,alert_only,0.14299999999999996,0.05,64,False,False,13.981567
children_playing,children_playing,children_playing,0.26043066,0.0870506,alert_only,0.14299999999999996,0.05,64,False,False,11.868283
children_playing,children_playing,children_playing,0.32078987,0.10802278,alert_only,0.14299999999999996,0.05,64,False,False,15.226142
children_playing,siren,children_playing,0.32406983,0.06309497,embedding,0.261,0.07100000000000001,320,False,True,15.069339
children_playing,children_playing,children_playing,0.23570026,0.05434449,alert_only,0.14299999999999996,0.05,64,False,False,13.275145
children_playing,children_playing,children_playing,0.2494302,0.047135666,embedding,0.14299999999999996,0.05,320,False,True,12.783322
children_playing,children_playing,children_playing,0.33363882,0.14891787,alert_only,0.14299999999999996,0.05,64,False,False,15.709903
children_playing,children_playing,children_playing,0.24174106,0.014867157,embedding,0.14299999999999996,0.05,320,False,True,12.394497
car_horn,gun_shot,gun_shot,0.3434012,0.13449216,alert_only,0.27599999999999997,0.07400000000000001,64,False,False,16.116528
drilling,street_music,street_music,0.4479664,0.30957544,alert_only,0.136,0.05,64,False,False,13.500337
drilling,street_music,street_music,0.3756814,0.2230826,alert_only,0.136,0.05,64,False,False,14.536705
drilling,street_music,street_music,0.41660392,0.22774151,alert_only,0.136,0.05,64,False,False,17.910788
drilling,street_music,street_music,0.4440348,0.27675158,alert_only,0.136,0.05,64,False,False,18.200333
drilling,street_music,street_music,0.36104625,0.18312734,alert_only,0.136,0.05,64,False,False,17.67372
drilling,street_music,street_music,0.39693153,0.23555967,alert_only,0.136,0.05,64,False,False,18.62886
drilling,street_music,street_music,0.47893354,0.27878958,alert_only,0.136,0.05,64,False,False,19.323063
drilling,street_music,street_music,0.51471496,0.33700985,alert_only,0.136,0.05,64,False,False,18.161085
drilling,street_music,street_music,0.42528212,0.26625377,alert_only,0.136,0.05,64,False,False,16.587132
drilling,street_music,street_music,0.3882568,0.16691619,alert_only,0.136,0.05,64,False,False,17.73058
drilling,street_music,street_music,0.42833182,0.15884095,alert_only,0.136,0.05,64,False,False,19.150343
drilling,street_music,street_music,0.40137088,0.09619942,alert_only,0.136,0.05,64,False,False,19.309633
drilling,street_music,street_music,0.45596388,0.32637328,alert_only,0.136,0.05,64,False,False,14.2172365
drilling,street_music,street_music,0.43411493,0.19390538,alert_only,0.136,0.05,64,False,False,18.726183
drilling,street_music,street_music,0.43871233,0.21398622,alert_only,0.136,0.05,64,False,False,18.26712
drilling,street_music,street_music,0.45755568,0.29391003,alert_only,0.136,0.05,64,False,False,17.916159
drilling,street_music,street_music,0.48917833,0.3234006,alert_only,0.136,0.05,64,False,False,17.614666
drilling,street_music,street_music,0.4997431,0.35904616,alert_only,0.136,0.05,64,False,False,17.315596
drilling,street_music,street_music,0.44421983,0.2645278,alert_only,0.136,0.05,64,False,False,18.075888
drilling,street_music,street_music,0.44346023,0.25776696,alert_only,0.136,0.05,64,False,False,18.43504
drilling,street_music,street_music,0.41596907,0.21271761,alert_only,0.136,0.05,64,False,False,18.035284
drilling,street_music,street_music,0.37705222,0.1917069,alert_only,0.136,0.05,64,False,False,17.22515
drilling,dog_bark,dog_bark,0.33492774,0.16249849,alert_only,0.176,0.05,64,False,False,17.442635
drilling,siren,siren,0.31431755,0.114837125,alert_only,0.261,0.07100000000000001,64,False,False,21.848394
drilling,dog_bark,drilling,0.25535184,0.020531684,embedding,0.176,0.05,320,False,True,14.438553
drilling,car_horn,car_horn,0.46965066,0.20966923,alert_only,0.191,0.053000000000000005,64,False,False,25.54446
drilling,car_horn,drilling,0.37699953,0.018247575,embedding,0.191,0.053000000000000005,320,False,True,21.343248
drilling,dog_bark,dog_bark,0.42204213,0.18965992,alert_only,0.176,0.05,64,False,False,20.645998
drilling,dog_bark,dog_bark,0.4572563,0.2515604,alert_only,0.176,0.05,64,False,False,19.691004
drilling,dog_bark,dog_bark,0.42419702,0.1881321,alert_only,0.176,0.05,64,False,False,19.441153
drilling,dog_bark,dog_bark,0.41106415,0.11304334,alert_only,0.176,0.05,64,False,False,20.261992
drilling,dog_bark,dog_bark,0.36190313,0.10376236,alert_only,0.176,0.05,64,False,False,19.039669
drilling,car_horn,car_horn,0.45495975,0.267017,alert_only,0.191,0.053000000000000005,64,False,False,20.168058
children_playing,children_playing,children_playing,0.2636002,0.009447515,embedding,0.14299999999999996,0.05,320,False,True,19.341482
children_playing,children_playing,children_playing,0.2645073,0.021985337,embedding,0.14299999999999996,0.05,320,False,True,19.578583
children_playing,children_playing,children_playing,0.26048446,0.03332007,embedding,0.14299999999999996,0.05,320,False,True,16.179403
children_playing,children_playing,children_playing,0.29583123,0.048535183,embedding,0.14299999999999996,0.05,320,False,True,17.617811
children_playing,children_playing,children_playing,0.26428545,0.00920096,embedding,0.14299999999999996,0.05,320,False,True,16.56806
children_playing,children_playing,children_playing,0.26102903,0.04197246,embedding,0.14299999999999996,0.05,320,False,True,14.602267
children_playing,siren,siren,0.2658543,0.008408576,embedding,0.261,0.07100000000000001,320,False,True,16.45832
children_playing,siren,siren,0.3456017,0.1491086,alert_only,0.261,0.07100000000000001,64,False,False,20.369299
drilling,car_horn,car_horn,0.25262907,0.0656026,alert_only,0.191,0.053000000000000005,64,False,False,15.52238
drilling,siren,siren,0.38862342,0.23411877,alert_only,0.261,0.07100000000000001,64,False,False,17.652805
drilling,siren,siren,0.46485582,0.2895668,alert_only,0.261,0.07100000000000001,64,False,False,16.876135
drilling,siren,siren,0.3578957,0.09604815,alert_only,0.261,0.07100000000000001,64,False,False,17.494925
drilling,dog_bark,dog_bark,0.37861884,0.21371064,alert_only,0.176,0.05,64,False,False,14.25846
drilling,dog_bark,dog_bark,0.24220417,0.06573345,alert_only,0.176,0.05,64,False,False,12.52101
children_playing,dog_bark,children_playing,0.27346978,0.013978273,embedding,0.176,0.05,320,False,True,13.480097
children_playing,street_music,street_music,0.31066754,0.098921895,alert_only,0.136,0.05,64,False,False,14.859845
children_playing,dog_bark,children_playing,0.25519973,0.032359004,embedding,0.176,0.05,320,False,True,14.588389
children_playing,street_music,street_music,0.37783983,0.21603304,alert_only,0.136,0.05,64,False,False,16.433882
children_playing,street_music,children_playing,0.22708718,0.013621837,embedding,0.136,0.05,320,False,True,15.299843
children_playing,street_music,street_music,0.30320254,0.14241545,alert_only,0.136,0.05,64,False,False,13.487962
children_playing,street_music,street_music,0.27764055,0.14291954,alert_only,0.136,0.05,64,False,False,13.234842
children_playing,street_music,street_music,0.5011644,0.39775765,alert_only,0.136,0.05,64,False,False,13.867295
jackhammer,gun_shot,gun_shot,0.37893447,0.15203671,alert_only,0.27599999999999997,0.07400000000000001,64,False,False,19.137932
jackhammer,gun_shot,gun_shot,0.35446984,0.1565635,alert_only,0.27599999999999997,0.07400000000000001,64,False,False,16.336975
jackhammer,jackhammer,jackhammer,0.18071486,0.039128482,embedding,0.176,0.05,320,False,True,7.452172
jackhammer,jackhammer,jackhammer,0.17789364,0.029147476,embedding,0.176,0.05,320,False,True,7.4829803
jackhammer,jackhammer,jackhammer,0.17090207,0.038900286,raw_audio,0.176,0.05,128000,True,False,7.055498
jackhammer,jackhammer,jackhammer,0.157269,0.0028915256,raw_audio,0.176,0.05,128000,True,False,7.513725
jackhammer,jackhammer,jackhammer,0.17637779,0.01727052,embedding,0.176,0.05,320,False,True,7.4196906
jackhammer,drilling,drilling,0.16299361,0.012780026,raw_audio,0.16499999999999998,0.05,128000,True,False,7.0331864
jackhammer,gun_shot,gun_shot,0.3965505,0.1850381,alert_only,0.27599999999999997,0.07400000000000001,64,False,False,19.328318
jackhammer,gun_shot,gun_shot,0.32546714,0.116971806,alert_only,0.27599999999999997,0.07400000000000001,64,False,False,15.502163
jackhammer,gun_shot,gun_shot,0.3672177,0.15987384,alert_only,0.27599999999999997,0.07400000000000001,64,False,False,17.25395
jackhammer,gun_shot,gun_shot,0.3382199,0.1386556,alert_only,0.27599999999999997,0.07400000000000001,64,False,False,15.7139635
jackhammer,gun_shot,gun_shot,0.30938455,0.08896871,alert_only,0.27599999999999997,0.07400000000000001,64,False,False,15.715284
jackhammer,gun_shot,gun_shot,0.36293828,0.17590286,alert_only,0.27599999999999997,0.07400000000000001,64,False,False,16.3333
jackhammer,gun_shot,gun_shot,0.34085852,0.14089309,alert_only,0.27599999999999997,0.07400000000000001,64,False,False,15.813145
jackhammer,dog_bark,dog_bark,0.2726516,0.005948484,embedding,0.176,0.05,320,False,True,15.738196
jackhammer,gun_shot,gun_shot,0.3461767,0.1438787,alert_only,0.27599999999999997,0.07400000000000001,64,False,False,16.101654
jackhammer,dog_bark,jackhammer,0.2764215,0.008710265,embedding,0.176,0.05,320,False,True,15.774943
air_conditioner,children_playing,children_playing,0.22390099,0.06371221,alert_only,0.14299999999999996,0.05,64,False,False,14.439728
air_conditioner,children_playing,children_playing,0.2265598,0.07073709,alert_only,0.14299999999999996,0.05,64,False,False,13.393973
air_conditioner,children_playing,siren,0.21396463,0.037700847,embedding,0.14299999999999996,0.05,320,False,True,13.6246805
air_conditioner,children_playing,children_playing,0.22430952,0.058218926,alert_only,0.14299999999999996,0.05,64,False,False,13.400262
air_conditioner,children_playing,children_playing,0.21982847,0.071050555,alert_only,0.14299999999999996,0.05,64,False,False,12.998702
air_conditioner,children_playing,children_playing,0.23187745,0.092372775,alert_only,0.14299999999999996,0.05,64,False,False,13.243745
air_conditioner,children_playing,air_conditioner,0.24672917,0.022918507,embedding,0.14299999999999996,0.05,320,False,True,14.495456
air_conditioner,children_playing,children_playing,0.20699301,0.054434195,alert_only,0.14299999999999996,0.05,64,False,False,13.350646
air_conditioner,children_playing,gun_shot,0.24080445,0.042434737,embedding,0.14299999999999996,0.05,320,False,True,13.043843
air_conditioner,air_conditioner,air_conditioner,0.23197873,0.0076556206,embedding,0.15399999999999997,0.05,320,False,True,14.66127
air_conditioner,air_conditioner,air_conditioner,0.2348385,0.0032020211,embedding,0.15399999999999997,0.05,320,False,True,15.218558
air_conditioner,children_playing,children_playing,0.25152877,0.06911455,alert_only,0.14299999999999996,0.05,64,False,False,13.624272
air_conditioner,air_conditioner,air_conditioner,0.24467465,0.026844531,embedding,0.15399999999999997,0.05,320,False,True,14.963678
air_conditioner,air_conditioner,air_conditioner,0.2437046,0.025321975,embedding,0.15399999999999997,0.05,320,False,True,14.58926
air_conditioner,air_conditioner,air_conditioner,0.26185614,0.054507285,alert_only,0.15399999999999997,0.05,64,False,False,15.108492
air_conditioner,air_conditioner,air_conditioner,0.2554587,0.04489544,embedding,0.15399999999999997,0.05,320,False,True,14.9399805
air_conditioner,air_conditioner,air_conditioner,0.2551591,0.04122384,embedding,0.15399999999999997,0.05,320,False,True,15.052752
air_conditioner,air_conditioner,air_conditioner,0.25142148,0.041584462,embedding,0.15399999999999997,0.05,320,False,True,14.858061
air_conditioner,children_playing,children_playing,0.22843365,0.052266896,alert_only,0.14299999999999996,0.05,64,False,False,14.366088
air_conditioner,air_conditioner,air_conditioner,0.24875197,0.04224366,embedding,0.15399999999999997,0.05,320,False,True,14.362919
air_conditioner,air_conditioner,air_conditioner,0.24503168,0.02883105,embedding,0.15399999999999997,0.05,320,False,True,14.844223
air_conditioner,air_conditioner,air_conditioner,0.25832894,0.044023514,embedding,0.15399999999999997,0.05,320,False,True,14.672296
air_conditioner,air_conditioner,air_conditioner,0.25628802,0.052912682,alert_only,0.15399999999999997,0.05,64,False,False,14.444213
air_conditioner,children_playing,children_playing,0.2488322,0.049860016,embedding,0.14299999999999996,0.05,320,False,True,13.913853
air_conditioner,children_playing,children_playing,0.2294344,0.039218113,embedding,0.14299999999999996,0.05,320,False,True,13.79903
air_conditioner,children_playing,children_playing,0.27805454,0.08755992,alert_only,0.14299999999999996,0.05,64,False,False,16.680275
air_conditioner,children_playing,air_conditioner,0.24155898,0.018813655,embedding,0.14299999999999996,0.05,320,False,True,14.986726
air_conditioner,children_playing,air_conditioner,0.2370864,0.013718784,embedding,0.14299999999999996,0.05,320,False,True,14.327056
air_conditioner,children_playing,children_playing,0.25175115,0.07487452,alert_only,0.14299999999999996,0.05,64,False,False,13.89303
air_conditioner,children_playing,children_playing,0.21962771,0.061938077,alert_only,0.14299999999999996,0.05,64,False,False,14.033925
air_conditioner,children_playing,air_conditioner,0.23142129,0.032718077,embedding,0.14299999999999996,0.05,320,False,True,14.029983
air_conditioner,children_playing,air_conditioner,0.23249996,0.022479177,embedding,0.14299999999999996,0.05,320,False,True,13.796039
drilling,siren,siren,0.3894652,0.05301243,embedding,0.261,0.07100000000000001,320,False,True,25.32552
drilling,siren,siren,0.38475448,0.07359743,alert_only,0.261,0.07100000000000001,64,False,False,25.152155
children_playing,gun_shot,children_playing,0.29983357,0.010551095,embedding,0.27599999999999997,0.07400000000000001,320,False,True,16.48602
children_playing,dog_bark,dog_bark,0.62613535,0.36939612,alert_only,0.176,0.05,64,False,False,23.97881
children_playing,dog_bark,dog_bark,0.50736195,0.2786691,alert_only,0.176,0.05,64,False,False,19.806543
children_playing,children_playing,children_playing,0.33975732,0.04706511,embedding,0.14299999999999996,0.05,320,False,True,16.849522
children_playing,gun_shot,gun_shot,0.40717804,0.19997941,alert_only,0.27599999999999997,0.07400000000000001,64,False,False,19.669575
dog_bark,dog_bark,dog_bark,0.6295683,0.51274043,alert_only,0.176,0.05,64,False,False,20.159487
dog_bark,dog_bark,dog_bark,0.6090302,0.43625087,alert_only,0.176,0.05,64,False,False,19.535082
dog_bark,dog_bark,dog_bark,0.56656235,0.4085124,alert_only,0.176,0.05,64,False,False,19.74329
dog_bark,dog_bark,dog_bark,0.63248473,0.49085575,alert_only,0.176,0.05,64,False,False,19.501476
children_playing,children_playing,children_playing,0.27346784,0.083906144,alert_only,0.14299999999999996,0.05,64,False,False,16.431362
children_playing,children_playing,children_playing,0.24140783,0.006968245,embedding,0.14299999999999996,0.05,320,False,True,16.927534
children_playing,children_playing,children_playing,0.23269683,0.006565705,embedding,0.14299999999999996,0.05,320,False,True,15.675793
children_playing,children_playing,children_playing,0.26727492,0.066679075,alert_only,0.14299999999999996,0.05,64,False,False,16.43005
children_playing,children_playing,children_playing,0.31517985,0.1497585,alert_only,0.14299999999999996,0.05,64,False,False,16.081184
children_playing,children_playing,children_playing,0.37105152,0.13789137,alert_only,0.14299999999999996,0.05,64,False,False,20.928799
children_playing,children_playing,children_playing,0.27758917,0.094164744,alert_only,0.14299999999999996,0.05,64,False,False,15.345604
children_playing,children_playing,children_playing,0.3233904,0.10864332,alert_only,0.14299999999999996,0.05,64,False,False,15.294906
dog_bark,dog_bark,dog_bark,0.6040321,0.4439302,alert_only,0.176,0.05,64,False,False,21.32825
dog_bark,dog_bark,dog_bark,0.50226533,0.2856686,alert_only,0.176,0.05,64,False,False,18.902758
dog_bark,dog_bark,dog_bark,0.52630705,0.29606545,alert_only,0.176,0.05,64,False,False,20.758709
dog_bark,dog_bark,dog_bark,0.43614474,0.14988223,alert_only,0.176,0.05,64,False,False,19.5215
gun_shot,gun_shot,gun_shot,0.3897771,0.21823084,alert_only,0.27599999999999997,0.07400000000000001,64,False,False,16.282797
gun_shot,gun_shot,gun_shot,0.39201185,0.21797915,alert_only,0.27599999999999997,0.07400000000000001,64,False,False,16.428621
gun_shot,gun_shot,gun_shot,0.4014486,0.19511455,alert_only,0.27599999999999997,0.07400000000000001,64,False,False,18.807878
gun_shot,gun_shot,gun_shot,0.41065502,0.21541086,alert_only,0.27599999999999997,0.07400000000000001,64,False,False,18.301838
gun_shot,gun_shot,gun_shot,0.40015456,0.1900095,alert_only,0.27599999999999997,0.07400000000000001,64,False,False,18.8697
gun_shot,gun_shot,gun_shot,0.4114526,0.21347553,alert_only,0.27599999999999997,0.07400000000000001,64,False,False,18.666248
engine_idling,street_music,engine_idling,0.21796723,0.044694662,embedding,0.136,0.05,320,False,True,15.708194
engine_idling,street_music,street_music,0.17799342,0.0054320693,embedding,0.136,0.05,320,False,True,13.316812
engine_idling,street_music,engine_idling,0.19393001,0.02323246,embedding,0.136,0.05,320,False,True,13.749769
engine_idling,street_music,engine_idling,0.20152085,0.025910303,embedding,0.136,0.05,320,False,True,13.695
engine_idling,street_music,street_music,0.18915197,0.0065234452,embedding,0.136,0.05,320,False,True,13.958962
engine_idling,street_music,street_music,0.25630167,0.08839674,alert_only,0.136,0.05,64,False,False,13.288932
engine_idling,street_music,street_music,0.2928136,0.12755176,alert_only,0.136,0.05,64,False,False,14.54071
street_music,street_music,street_music,0.88021386,0.8362839,alert_only,0.136,0.05,64,False,False,27.719566
street_music,street_music,street_music,0.8397364,0.78359944,alert_only,0.136,0.05,64,False,False,26.720196
street_music,street_music,street_music,0.9286817,0.90042365,alert_only,0.136,0.05,64,False,False,34.268307
street_music,street_music,street_music,0.921968,0.89089483,alert_only,0.136,0.05,64,False,False,33.29869
street_music,street_music,street_music,0.9025042,0.8695016,alert_only,0.136,0.05,64,False,False,30.037169
street_music,street_music,street_music,0.8542168,0.8058226,alert_only,0.136,0.05,64,False,False,26.74706
street_music,street_music,street_music,0.8918073,0.84034306,alert_only,0.136,0.05,64,False,False,33.429707
street_music,street_music,street_music,0.89245933,0.82556826,alert_only,0.136,0.05,64,False,False,35.163067
street_music,street_music,street_music,0.8708739,0.8155868,alert_only,0.136,0.05,64,False,False,30.260529
street_music,street_music,street_music,0.86557645,0.82121545,alert_only,0.136,0.05,64,False,False,28.9284
street_music,street_music,street_music,0.7341628,0.6404521,alert_only,0.136,0.05,64,False,False,21.498594
street_music,street_music,street_music,0.8870716,0.834389,alert_only,0.136,0.05,64,False,False,30.801466
gun_shot,gun_shot,gun_shot,0.3938099,0.19915137,alert_only,0.27599999999999997,0.07400000000000001,64,False,False,18.100182
dog_bark,gun_shot,gun_shot,0.33565766,0.11457676,alert_only,0.27599999999999997,0.07400000000000001,64,False,False,16.159883
dog_bark,dog_bark,dog_bark,0.39619616,0.19922507,alert_only,0.176,0.05,64,False,False,14.443598
children_playing,dog_bark,dog_bark,0.28320208,0.08607821,alert_only,0.176,0.05,64,False,False,10.881411
children_playing,dog_bark,children_playing,0.20930895,0.027539998,embedding,0.176,0.05,320,False,True,10.61352
children_playing,dog_bark,dog_bark,0.23714031,0.05629167,alert_only,0.176,0.05,64,False,False,10.33491
children_playing,children_playing,children_playing,0.1790364,0.0011468232,embedding,0.14299999999999996,0.05,320,False,True,8.9680605
children_playing,street_music,street_music,0.21191993,0.05647759,alert_only,0.136,0.05,64,False,False,10.579526
children_playing,street_music,street_music,0.19050506,0.013201535,embedding,0.136,0.05,320,False,True,9.47925
children_playing,dog_bark,children_playing,0.1982247,0.0075973123,embedding,0.176,0.05,320,False,True,9.815768
children_playing,dog_bark,dog_bark,0.19569322,0.033667386,embedding,0.176,0.05,320,False,True,10.2047415
siren,jackhammer,siren,0.17358798,0.011101857,raw_audio,0.176,0.05,128000,True,False,10.032892
siren,gun_shot,gun_shot,0.3628409,0.16307876,alert_only,0.27599999999999997,0.07400000000000001,64,False,False,17.098108
siren,gun_shot,gun_shot,0.36240098,0.1724832,alert_only,0.27599999999999997,0.07400000000000001,64,False,False,16.832062
siren,gun_shot,gun_shot,0.36484748,0.17000881,alert_only,0.27599999999999997,0.07400000000000001,64,False,False,16.992098
dog_bark,gun_shot,gun_shot,0.36703038,0.1440294,alert_only,0.27599999999999997,0.07400000000000001,64,False,False,17.579323
dog_bark,gun_shot,dog_bark,0.30589077,0.0014463663,embedding,0.27599999999999997,0.07400000000000001,320,False,True,18.857018
dog_bark,gun_shot,gun_shot,0.3344288,0.05794546,embedding,0.27599999999999997,0.07400000000000001,320,False,True,19.056974
dog_bark,gun_shot,gun_shot,0.38127145,0.14130151,alert_only,0.27599999999999997,0.07400000000000001,64,False,False,19.663977
dog_bark,dog_bark,dog_bark,0.5355739,0.30328405,alert_only,0.176,0.05,64,False,False,21.021568
dog_bark,dog_bark,dog_bark,0.5275668,0.3252592,alert_only,0.176,0.05,64,False,False,19.329002
dog_bark,dog_bark,dog_bark,0.46577042,0.2320124,alert_only,0.176,0.05,64,False,False,19.794603
engine_idling,gun_shot,gun_shot,0.3741891,0.17627978,alert_only,0.27599999999999997,0.07400000000000001,64,False,False,17.285666
car_horn,gun_shot,gun_shot,0.37029162,0.15857956,alert_only,0.27599999999999997,0.07400000000000001,64,False,False,19.146774
car_horn,gun_shot,car_horn,0.26878613,0.03004767,raw_audio,0.27599999999999997,0.07400000000000001,128000,True,False,15.114627
gun_shot,gun_shot,gun_shot,0.3733014,0.164215,alert_only,0.27599999999999997,0.07400000000000001,64,False,False,18.202806
gun_shot,gun_shot,gun_shot,0.3728212,0.16608441,alert_only,0.27599999999999997,0.07400000000000001,64,False,False,18.208466
siren,gun_shot,siren,0.28789797,0.065062195,embedding,0.27599999999999997,0.07400000000000001,320,False,True,15.507881
dog_bark,dog_bark,dog_bark,0.31664723,0.061130792,alert_only,0.176,0.05,64,False,False,17.679888
dog_bark,engine_idling,dog_bark,0.2003176,0.0053327233,embedding,0.14699999999999996,0.05,320,False,True,15.167993
dog_bark,gun_shot,gun_shot,0.35345656,0.11141114,alert_only,0.27599999999999997,0.07400000000000001,64,False,False,18.917871
dog_bark,gun_shot,dog_bark,0.33147573,0.07244253,embedding,0.27599999999999997,0.07400000000000001,320,False,True,18.607403
drilling,gun_shot,drilling,0.3088326,0.06041968,embedding,0.27599999999999997,0.07400000000000001,320,False,True,16.189432
drilling,gun_shot,drilling,0.3051312,0.04957372,embedding,0.27599999999999997,0.07400000000000001,320,False,True,16.03894
children_playing,siren,siren,0.52739596,0.35517198,alert_only,0.261,0.07100000000000001,64,False,False,17.535717
children_playing,siren,siren,0.55066967,0.3695202,alert_only,0.261,0.07100000000000001,64,False,False,17.593096
children_playing,siren,siren,0.8000844,0.71201664,alert_only,0.261,0.07100000000000001,64,False,False,23.173775
children_playing,siren,siren,0.8074941,0.72292936,alert_only,0.261,0.07100000000000001,64,False,False,23.865223
children_playing,siren,siren,0.74810535,0.63583124,alert_only,0.261,0.07100000000000001,64,False,False,24.646109
children_playing,siren,siren,0.7501399,0.61903286,alert_only,0.261,0.07100000000000001,64,False,False,25.278059
children_playing,siren,siren,0.72737867,0.5952946,alert_only,0.261,0.07100000000000001,64,False,False,23.167818
car_horn,car_horn,car_horn,0.45796385,0.1372101,alert_only,0.191,0.053000000000000005,64,False,False,23.910799
car_horn,street_music,car_horn,0.35710567,0.03207451,embedding,0.136,0.05,320,False,True,21.592367
car_horn,street_music,street_music,0.4167116,0.024647623,embedding,0.136,0.05,320,False,True,27.583855
car_horn,street_music,street_music,0.48094136,0.1487211,alert_only,0.136,0.05,64,False,False,26.827864
car_horn,street_music,street_music,0.37049598,0.12189913,alert_only,0.136,0.05,64,False,False,17.647724
car_horn,street_music,street_music,0.37835407,0.18041134,alert_only,0.136,0.05,64,False,False,16.665777
car_horn,street_music,street_music,0.33029994,0.1464604,alert_only,0.136,0.05,64,False,False,17.05444
car_horn,street_music,street_music,0.28577608,0.08648722,alert_only,0.136,0.05,64,False,False,19.99878
car_horn,street_music,car_horn,0.36825955,0.030445129,embedding,0.136,0.05,320,False,True,24.677267
car_horn,car_horn,car_horn,0.48535085,0.111136526,alert_only,0.191,0.053000000000000005,64,False,False,30.06829
car_horn,car_horn,car_horn,0.49748045,0.16095564,alert_only,0.191,0.053000000000000005,64,False,False,28.43813
car_horn,car_horn,car_horn,0.5040756,0.16958371,alert_only,0.191,0.053000000000000005,64,False,False,26.94599
car_horn,street_music,street_music,0.22848557,0.025216922,embedding,0.136,0.05,320,False,True,15.990961
car_horn,street_music,street_music,0.31657085,0.14073348,alert_only,0.136,0.05,64,False,False,15.026135
car_horn,dog_bark,car_horn,0.30282882,0.029899567,embedding,0.176,0.05,320,False,True,18.498661
dog_bark,dog_bark,dog_bark,0.6184484,0.4388467,alert_only,0.176,0.05,64,False,False,19.254929
dog_bark,dog_bark,dog_bark,0.5876912,0.45734698,alert_only,0.176,0.05,64,False,False,18.270678
dog_bark,dog_bark,dog_bark,0.55682594,0.36879027,alert_only,0.176,0.05,64,False,False,18.211464
dog_bark,dog_bark,dog_bark,0.5506455,0.3676352,alert_only,0.176,0.05,64,False,False,18.309807
jackhammer,dog_bark,dog_bark,0.30146235,0.07121454,alert_only,0.176,0.05,64,False,False,15.615938
jackhammer,gun_shot,gun_shot,0.36782008,0.15341927,alert_only,0.27599999999999997,0.07400000000000001,64,False,False,17.871561
jackhammer,gun_shot,gun_shot,0.36437207,0.15064153,alert_only,0.27599999999999997,0.07400000000000001,64,False,False,17.604956
jackhammer,gun_shot,gun_shot,0.35844907,0.15987146,alert_only,0.27599999999999997,0.07400000000000001,64,False,False,16.706936
jackhammer,gun_shot,gun_shot,0.33040243,0.13119413,alert_only,0.27599999999999997,0.07400000000000001,64,False,False,15.618741
jackhammer,gun_shot,gun_shot,0.34328786,0.14132158,alert_only,0.27599999999999997,0.07400000000000001,64,False,False,16.108028
jackhammer,children_playing,children_playing,0.29824263,0.13583921,alert_only,0.14299999999999996,0.05,64,False,False,15.054538
dog_bark,children_playing,children_playing,0.37293333,0.11907637,alert_only,0.14299999999999996,0.05,64,False,False,18.383902
engine_idling,street_music,engine_idling,0.20346259,0.029573828,embedding,0.136,0.05,320,False,True,16.428364
engine_idling,street_music,street_music,0.18569878,0.0060603917,embedding,0.136,0.05,320,False,True,16.395157
engine_idling,street_music,street_music,0.21018252,0.026207522,embedding,0.136,0.05,320,False,True,16.630606
engine_idling,street_music,engine_idling,0.2236724,0.039353922,embedding,0.136,0.05,320,False,True,16.617937
engine_idling,street_music,street_music,0.20931633,0.014494449,embedding,0.136,0.05,320,False,True,16.93231
engine_idling,street_music,engine_idling,0.19092096,0.0051757693,embedding,0.136,0.05,320,False,True,16.947758
engine_idling,street_music,engine_idling,0.20625399,0.015680432,embedding,0.136,0.05,320,False,True,16.397514
engine_idling,street_music,engine_idling,0.20091258,0.022460729,embedding,0.136,0.05,320,False,True,16.221394
engine_idling,street_music,engine_idling,0.2066256,0.031569168,embedding,0.136,0.05,320,False,True,15.931442
engine_idling,street_music,street_music,0.21313772,0.037988856,embedding,0.136,0.05,320,False,True,15.797584
engine_idling,street_music,engine_idling,0.21985652,0.007941335,embedding,0.136,0.05,320,False,True,15.936669
engine_idling,jackhammer,engine_idling,0.20760679,0.0009191781,embedding,0.176,0.05,320,False,True,16.218666
engine_idling,jackhammer,jackhammer,0.20011863,0.019467518,embedding,0.176,0.05,320,False,True,15.740384
engine_idling,gun_shot,gun_shot,0.32819617,0.110662654,alert_only,0.27599999999999997,0.07400000000000001,64,False,False,16.233921
dog_bark,children_playing,children_playing,0.27148885,0.098190024,alert_only,0.14299999999999996,0.05,64,False,False,16.085033
dog_bark,children_playing,children_playing,0.38659802,0.16589491,alert_only,0.14299999999999996,0.05,64,False,False,19.020195
dog_bark,children_playing,children_playing,0.30229956,0.11285105,alert_only,0.14299999999999996,0.05,64,False,False,17.275642
dog_bark,siren,dog_bark,0.37792706,0.05490306,embedding,0.261,0.07100000000000001,320,False,True,22.874874
dog_bark,siren,siren,0.40741342,0.15284091,alert_only,0.261,0.07100000000000001,64,False,False,19.459242
dog_bark,dog_bark,dog_bark,0.3417239,0.08290619,alert_only,0.176,0.05,64,False,False,18.058937
dog_bark,siren,siren,0.39460567,0.13425979,alert_only,0.261,0.07100000000000001,64,False,False,21.24035
car_horn,car_horn,car_horn,0.35368142,0.013950735,embedding,0.191,0.053000000000000005,320,False,True,20.483315
car_horn,car_horn,car_horn,0.34827715,0.0073066354,embedding,0.191,0.053000000000000005,320,False,True,20.431452
car_horn,car_horn,car_horn,0.34831482,0.017257988,embedding,0.191,0.053000000000000005,320,False,True,20.13531
dog_bark,dog_bark,dog_bark,0.43019482,0.24959753,alert_only,0.176,0.05,64,False,False,17.403109
dog_bark,dog_bark,dog_bark,0.5172128,0.24853817,alert_only,0.176,0.05,64,False,False,20.691803
dog_bark,dog_bark,dog_bark,0.35133812,0.08439249,alert_only,0.176,0.05,64,False,False,17.543253
dog_bark,dog_bark,dog_bark,0.33840737,0.051779747,alert_only,0.176,0.05,64,False,False,16.085339
car_horn,air_conditioner,air_conditioner,0.29156265,0.065568596,alert_only,0.15399999999999997,0.05,64,False,False,16.866743
car_horn,air_conditioner,air_conditioner,0.30852488,0.10925467,alert_only,0.15399999999999997,0.05,64,False,False,17.352928
dog_bark,siren,siren,0.5919953,0.3384157,alert_only,0.261,0.07100000000000001,64,False,False,22.963776
dog_bark,siren,siren,0.71484673,0.5487656,alert_only,0.261,0.07100000000000001,64,False,False,22.742199
dog_bark,siren,siren,0.65663207,0.4487759,alert_only,0.261,0.07100000000000001,64,False,False,21.948523
gun_shot,gun_shot,gun_shot,0.38511145,0.17716144,alert_only,0.27599999999999997,0.07400000000000001,64,False,False,17.942703
dog_bark,dog_bark,dog_bark,0.5182924,0.3121423,alert_only,0.176,0.05,64,False,False,16.793047
dog_bark,dog_bark,dog_bark,0.52253,0.34511757,alert_only,0.176,0.05,64,False,False,15.222057
dog_bark,dog_bark,dog_bark,0.47615007,0.28523743,alert_only,0.176,0.05,64,False,False,14.542307
dog_bark,dog_bark,dog_bark,0.4482323,0.3164259,alert_only,0.176,0.05,64,False,False,13.845688
dog_bark,gun_shot,dog_bark,0.3117294,0.06866971,embedding,0.27599999999999997,0.07400000000000001,320,False,True,16.19167
dog_bark,dog_bark,dog_bark,0.39232942,0.17185889,alert_only,0.176,0.05,64,False,False,13.471047
dog_bark,dog_bark,dog_bark,0.40729648,0.27461112,alert_only,0.176,0.05,64,False,False,12.888355
dog_bark,dog_bark,dog_bark,0.35855508,0.21231419,alert_only,0.176,0.05,64,False,False,11.492999
dog_bark,dog_bark,dog_bark,0.6446919,0.48544478,alert_only,0.176,0.05,64,False,False,20.304237
dog_bark,dog_bark,dog_bark,0.63694227,0.40958965,alert_only,0.176,0.05,64,False,False,21.44492
dog_bark,dog_bark,dog_bark,0.6838386,0.5078095,alert_only,0.176,0.05,64,False,False,21.949202
dog_bark,dog_bark,dog_bark,0.67590374,0.46589357,alert_only,0.176,0.05,64,False,False,22.896713
air_conditioner,street_music,street_music,0.40006188,0.16143593,alert_only,0.136,0.05,64,False,False,16.914162
air_conditioner,street_music,street_music,0.5679787,0.39243242,alert_only,0.136,0.05,64,False,False,17.732765
air_conditioner,street_music,street_music,0.5424843,0.35985053,alert_only,0.136,0.05,64,False,False,17.207422
air_conditioner,street_music,street_music,0.63331175,0.47578144,alert_only,0.136,0.05,64,False,False,18.964342
air_conditioner,street_music,street_music,0.59449893,0.4171946,alert_only,0.136,0.05,64,False,False,18.766132
air_conditioner,street_music,street_music,0.6382636,0.47994056,alert_only,0.136,0.05,64,False,False,19.204655
air_conditioner,street_music,street_music,0.6208917,0.4572419,alert_only,0.136,0.05,64,False,False,18.53409
air_conditioner,street_music,street_music,0.66400206,0.51795304,alert_only,0.136,0.05,64,False,False,19.081062
air_conditioner,street_music,street_music,0.6986402,0.56607836,alert_only,0.136,0.05,64,False,False,19.585865
air_conditioner,street_music,street_music,0.7051843,0.5727751,alert_only,0.136,0.05,64,False,False,19.932764
air_conditioner,street_music,street_music,0.4737212,0.29570213,alert_only,0.136,0.05,64,False,False,15.039059
air_conditioner,engine_idling,air_conditioner,0.26481754,0.03882879,embedding,0.14699999999999996,0.05,320,False,True,14.570972
air_conditioner,engine_idling,engine_idling,0.28968993,0.053658187,alert_only,0.14699999999999996,0.05,64,False,False,14.654473
air_conditioner,engine_idling,engine_idling,0.28684133,0.046062708,embedding,0.14699999999999996,0.05,320,False,True,14.997372
air_conditioner,engine_idling,air_conditioner,0.2787186,0.035939693,embedding,0.14699999999999996,0.05,320,False,True,14.801205
air_conditioner,street_music,street_music,0.25614423,0.04443428,embedding,0.136,0.05,320,False,True,14.831029
air_conditioner,air_conditioner,air_conditioner,0.23708002,0.018815294,embedding,0.15399999999999997,0.05,320,False,True,15.515054
air_conditioner,street_music,street_music,0.5082525,0.3077997,alert_only,0.136,0.05,64,False,False,17.553133
air_conditioner,air_conditioner,air_conditioner,0.23879461,0.01990147,embedding,0.15399999999999997,0.05,320,False,True,15.209065
air_conditioner,street_music,street_music,0.37112895,0.13648081,alert_only,0.136,0.05,64,False,False,15.600107
air_conditioner,air_conditioner,air_conditioner,0.27668288,0.04623398,embedding,0.15399999999999997,0.05,320,False,True,15.563911
air_conditioner,air_conditioner,air_conditioner,0.27988634,0.014101863,embedding,0.15399999999999997,0.05,320,False,True,15.987732
air_conditioner,engine_idling,engine_idling,0.24381888,0.025147587,embedding,0.14699999999999996,0.05,320,False,True,14.355537
air_conditioner,street_music,air_conditioner,0.2470313,0.013783738,embedding,0.136,0.05,320,False,True,15.434883
air_conditioner,street_music,street_music,0.41052106,0.19523317,alert_only,0.136,0.05,64,False,False,15.784274
air_conditioner,street_music,street_music,0.4997036,0.3046813,alert_only,0.136,0.05,64,False,False,16.844307
siren,children_playing,children_playing,0.24509272,0.073358,alert_only,0.14299999999999996,0.05,64,False,False,14.730933
siren,children_playing,children_playing,0.24181102,0.07507667,alert_only,0.14299999999999996,0.05,64,False,False,15.849481
siren,children_playing,children_playing,0.3117049,0.037870437,embedding,0.14299999999999996,0.05,320,False,True,18.653131
siren,children_playing,children_playing,0.3131843,0.058173925,alert_only,0.14299999999999996,0.05,64,False,False,18.632627
siren,children_playing,children_playing,0.2862493,0.060431734,alert_only,0.14299999999999996,0.05,64,False,False,17.761293
siren,children_playing,children_playing,0.2596173,0.07362263,alert_only,0.14299999999999996,0.05,64,False,False,14.867859
siren,children_playing,siren,0.24559115,0.016938806,embedding,0.14299999999999996,0.05,320,False,True,16.011711
siren,children_playing,siren,0.2508947,0.002115488,embedding,0.14299999999999996,0.05,320,False,True,16.053255
siren,children_playing,siren,0.26284346,0.038501695,embedding,0.14299999999999996,0.05,320,False,True,15.818694
siren,air_conditioner,air_conditioner,0.2677056,0.061204508,alert_only,0.15399999999999997,0.05,64,False,False,15.207714
siren,air_conditioner,air_conditioner,0.26416942,0.055759177,alert_only,0.15399999999999997,0.05,64,False,False,15.027028
siren,air_conditioner,air_conditioner,0.26754767,0.046594918,embedding,0.15399999999999997,0.05,320,False,True,15.207658
siren,children_playing,siren,0.23532268,0.04639332,embedding,0.14299999999999996,0.05,320,False,True,14.726045
siren,air_conditioner,air_conditioner,0.2805065,0.08437881,alert_only,0.15399999999999997,0.05,64,False,False,15.718149
siren,air_conditioner,air_conditioner,0.29526564,0.09132029,alert_only,0.15399999999999997,0.05,64,False,False,16.19441
siren,air_conditioner,air_conditioner,0.30234173,0.1070084,alert_only,0.15399999999999997,0.05,64,False,False,16.546524
siren,air_conditioner,air_conditioner,0.2799914,0.07595259,alert_only,0.15399999999999997,0.05,64,False,False,16.090364
siren,air_conditioner,engine_idling,0.24471274,0.009902969,embedding,0.15399999999999997,0.05,320,False,True,15.491669
siren,children_playing,siren,0.26271603,0.038078666,embedding,0.14299999999999996,0.05,320,False,True,16.958208
siren,children_playing,children_playing,0.2904118,0.083547965,alert_only,0.14299999999999996,0.05,64,False,False,18.301205
siren,children_playing,siren,0.31448892,0.03325826,embedding,0.14299999999999996,0.05,320,False,True,19.062418
siren,air_conditioner,siren,0.23994133,0.0009953827,embedding,0.15399999999999997,0.05,320,False,True,14.904755
siren,air_conditioner,siren,0.24643946,0.0059802234,embedding,0.15399999999999997,0.05,320,False,True,15.722213
siren,children_playing,children_playing,0.2618965,0.032251105,embedding,0.14299999999999996,0.05,320,False,True,15.611517
siren,children_playing,children_playing,0.25699323,0.038765088,embedding,0.14299999999999996,0.05,320,False,True,14.897124
siren,children_playing,children_playing,0.27547705,0.055825755,alert_only,0.14299999999999996,0.05,64,False,False,15.711523
siren,children_playing,children_playing,0.31899175,0.09950404,alert_only,0.14299999999999996,0.05,64,False,False,18.605522
siren,children_playing,street_music,0.2886603,0.004870087,embedding,0.14299999999999996,0.05,320,False,True,19.515268
drilling,siren,drilling,0.25179806,0.032929584,raw_audio,0.261,0.07100000000000001,128000,True,False,19.598032
drilling,drilling,drilling,0.43359312,0.073562115,alert_only,0.16499999999999998,0.05,64,False,False,34.54551
drilling,drilling,drilling,0.4601987,0.085903466,alert_only,0.16499999999999998,0.05,64,False,False,37.13328
drilling,drilling,drilling,0.45189992,0.14342692,alert_only,0.16499999999999998,0.05,64,False,False,35.43653
drilling,drilling,drilling,0.40718612,0.117204964,alert_only,0.16499999999999998,0.05,64,False,False,36.66707
drilling,drilling,drilling,0.35463458,0.08055526,alert_only,0.16499999999999998,0.05,64,False,False,24.166878
drilling,dog_bark,dog_bark,0.22128616,0.0122244805,embedding,0.176,0.05,320,False,True,16.3096
drilling,children_playing,children_playing,0.3085486,0.09454599,alert_only,0.14299999999999996,0.05,64,False,False,16.629843
street_music,street_music,street_music,0.64306617,0.5257964,alert_only,0.136,0.05,64,False,False,20.612366
street_music,street_music,street_music,0.7694262,0.71701145,alert_only,0.136,0.05,64,False,False,23.016478
street_music,street_music,street_music,0.8125294,0.7581942,alert_only,0.136,0.05,64,False,False,23.094522
street_music,street_music,street_music,0.76255745,0.68914336,alert_only,0.136,0.05,64,False,False,21.139038
street_music,street_music,street_music,0.7700471,0.6924107,alert_only,0.136,0.05,64,False,False,21.096601
street_music,street_music,street_music,0.6186466,0.53174406,alert_only,0.136,0.05,64,False,False,16.591002
street_music,street_music,street_music,0.5840855,0.46508378,alert_only,0.136,0.05,64,False,False,17.785244
dog_bark,street_music,street_music,0.3491457,0.105034575,alert_only,0.136,0.05,64,False,False,17.298658
dog_bark,street_music,street_music,0.5253996,0.33117923,alert_only,0.136,0.05,64,False,False,17.86283
dog_bark,street_music,street_music,0.52716976,0.38501203,alert_only,0.136,0.05,64,False,False,21.946323
dog_bark,street_music,street_music,0.52861637,0.4329219,alert_only,0.136,0.05,64,False,False,17.69863
dog_bark,gun_shot,gun_shot,0.36513054,0.10395616,alert_only,0.27599999999999997,0.07400000000000001,64,False,False,19.856009
dog_bark,gun_shot,gun_shot,0.34892982,0.08790532,alert_only,0.27599999999999997,0.07400000000000001,64,False,False,19.069304
dog_bark,gun_shot,gun_shot,0.34849358,0.088254094,alert_only,0.27599999999999997,0.07400000000000001,64,False,False,19.080404
dog_bark,gun_shot,dog_bark,0.32622445,0.047724396,embedding,0.27599999999999997,0.07400000000000001,320,False,True,18.959747
dog_bark,gun_shot,gun_shot,0.3820662,0.16888447,alert_only,0.27599999999999997,0.07400000000000001,64,False,False,18.176884
dog_bark,gun_shot,gun_shot,0.35715464,0.17269017,alert_only,0.27599999999999997,0.07400000000000001,64,False,False,16.183987
dog_bark,gun_shot,gun_shot,0.29978576,0.117139205,alert_only,0.27599999999999997,0.07400000000000001,64,False,False,15.2197
dog_bark,gun_shot,gun_shot,0.40029615,0.21268216,alert_only,0.27599999999999997,0.07400000000000001,64,False,False,18.347734
dog_bark,dog_bark,dog_bark,0.26533324,0.054705977,alert_only,0.176,0.05,64,False,False,11.206907
dog_bark,dog_bark,dog_bark,0.22920752,0.0184042,embedding,0.176,0.05,320,False,True,9.995572
dog_bark,gun_shot,gun_shot,0.3718292,0.16890031,alert_only,0.27599999999999997,0.07400000000000001,64,False,False,17.927076
street_music,siren,siren,0.4289268,0.12338641,alert_only,0.261,0.07100000000000001,64,False,False,18.32666
street_music,siren,siren,0.41330156,0.26543906,alert_only,0.261,0.07100000000000001,64,False,False,16.724997
street_music,siren,siren,0.57741606,0.47783163,alert_only,0.261,0.07100000000000001,64,False,False,18.894516
street_music,dog_bark,dog_bark,0.37048808,0.16090338,alert_only,0.176,0.05,64,False,False,14.490502
street_music,siren,siren,0.4812283,0.34205008,alert_only,0.261,0.07100000000000001,64,False,False,15.686545
street_music,siren,siren,0.4981916,0.39841408,alert_only,0.261,0.07100000000000001,64,False,False,18.882225
street_music,street_music,street_music,0.70837116,0.584917,alert_only,0.136,0.05,64,False,False,24.333391
street_music,street_music,street_music,0.73952454,0.65742254,alert_only,0.136,0.05,64,False,False,21.016668
street_music,street_music,street_music,0.66481894,0.58114856,alert_only,0.136,0.05,64,False,False,17.57302
street_music,street_music,street_music,0.7452033,0.6719293,alert_only,0.136,0.05,64,False,False,19.285156
street_music,street_music,street_music,0.57899594,0.42719287,alert_only,0.136,0.05,64,False,False,18.261143
street_music,street_music,street_music,0.5407115,0.4019906,alert_only,0.136,0.05,64,False,False,19.39243
air_conditioner,air_conditioner,air_conditioner,0.2673914,0.04706098,embedding,0.15399999999999997,0.05,320,False,True,16.735395
air_conditioner,children_playing,children_playing,0.2840238,0.076152265,alert_only,0.14299999999999996,0.05,64,False,False,17.059729
air_conditioner,air_conditioner,air_conditioner,0.2796645,0.015732795,embedding,0.15399999999999997,0.05,320,False,True,16.589321
air_conditioner,air_conditioner,air_conditioner,0.28852305,0.057835385,alert_only,0.15399999999999997,0.05,64,False,False,17.050995
air_conditioner,air_conditioner,air_conditioner,0.26608968,0.057466388,alert_only,0.15399999999999997,0.05,64,False,False,16.002846
air_conditioner,air_conditioner,air_conditioner,0.24434681,0.01874122,embedding,0.15399999999999997,0.05,320,False,True,15.7579
air_conditioner,children_playing,children_playing,0.2536981,0.05226046,alert_only,0.14299999999999996,0.05,64,False,False,15.519333
air_conditioner,air_conditioner,air_conditioner,0.2522374,0.029781953,embedding,0.15399999999999997,0.05,320,False,True,16.628233
air_conditioner,air_conditioner,air_conditioner,0.26733068,0.0140533745,embedding,0.15399999999999997,0.05,320,False,True,16.086023
air_conditioner,air_conditioner,air_conditioner,0.28698373,0.02235815,embedding,0.15399999999999997,0.05,320,False,True,17.240055
air_conditioner,air_conditioner,air_conditioner,0.278281,0.03294705,embedding,0.15399999999999997,0.05,320,False,True,17.08642
air_conditioner,air_conditioner,air_conditioner,0.275553,0.017622828,embedding,0.15399999999999997,0.05,320,False,True,16.70267
air_conditioner,air_conditioner,air_conditioner,0.27937415,0.028401136,embedding,0.15399999999999997,0.05,320,False,True,17.224014
air_conditioner,air_conditioner,air_conditioner,0.26689577,0.030453831,embedding,0.15399999999999997,0.05,320,False,True,16.767677
street_music,dog_bark,dog_bark,0.30479255,0.06808677,alert_only,0.176,0.05,64,False,False,14.073637
street_music,dog_bark,dog_bark,0.34226435,0.118954524,alert_only,0.176,0.05,64,False,False,14.066865
street_music,dog_bark,dog_bark,0.4781484,0.21393707,alert_only,0.176,0.05,64,False,False,16.433186
street_music,dog_bark,dog_bark,0.37591177,0.14868516,alert_only,0.176,0.05,64,False,False,14.297926
street_music,dog_bark,dog_bark,0.3631656,0.16684918,alert_only,0.176,0.05,64,False,False,13.885771
street_music,dog_bark,dog_bark,0.41463265,0.19360785,alert_only,0.176,0.05,64,False,False,14.726803
dog_bark,dog_bark,dog_bark,0.30818477,0.08950189,alert_only,0.176,0.05,64,False,False,16.771269
dog_bark,dog_bark,dog_bark,0.27875388,0.08492401,alert_only,0.176,0.05,64,False,False,16.901743
dog_bark,dog_bark,dog_bark,0.28004873,0.09644647,alert_only,0.176,0.05,64,False,False,17.04022
dog_bark,dog_bark,dog_bark,0.3252741,0.14987314,alert_only,0.176,0.05,64,False,False,14.932308
dog_bark,gun_shot,gun_shot,0.3815515,0.17283781,alert_only,0.27599999999999997,0.07400000000000001,64,False,False,18.460054
siren,air_conditioner,siren,0.22145708,0.02566886,embedding,0.15399999999999997,0.05,320,False,True,14.709499
siren,children_playing,children_playing,0.25801244,0.07577467,alert_only,0.14299999999999996,0.05,64,False,False,17.345127
siren,siren,siren,0.30564886,0.026783466,embedding,0.261,0.07100000000000001,320,False,True,17.63179
siren,siren,siren,0.29675776,0.0019982755,embedding,0.261,0.07100000000000001,320,False,True,17.960855
siren,gun_shot,gun_shot,0.40124637,0.20728609,alert_only,0.27599999999999997,0.07400000000000001,64,False,False,18.891876
siren,gun_shot,gun_shot,0.3582053,0.17532074,alert_only,0.27599999999999997,0.07400000000000001,64,False,False,16.07711
siren,siren,siren,0.191804,0.03138219,raw_audio,0.261,0.07100000000000001,128000,True,False,9.4861765
siren,siren,siren,0.20738937,0.07564747,raw_audio,0.261,0.07100000000000001,128000,True,False,8.637853
siren,siren,siren,0.497931,0.3974236,alert_only,0.261,0.07100000000000001,64,False,False,11.475804
siren,siren,siren,0.8431245,0.8037594,alert_only,0.261,0.07100000000000001,64,False,False,18.33105
siren,siren,siren,0.86269337,0.8176253,alert_only,0.261,0.07100000000000001,64,False,False,20.236433
siren,siren,siren,0.7270103,0.6543536,alert_only,0.261,0.07100000000000001,64,False,False,16.141382
siren,siren,siren,0.66569716,0.5703787,alert_only,0.261,0.07100000000000001,64,False,False,14.864357
siren,siren,siren,0.83262545,0.77679133,alert_only,0.261,0.07100000000000001,64,False,False,19.347271
siren,siren,siren,0.92999005,0.8983323,alert_only,0.261,0.07100000000000001,64,False,False,24.345737
siren,siren,siren,0.9217525,0.8854225,alert_only,0.261,0.07100000000000001,64,False,False,24.25168
siren,siren,siren,0.68761104,0.5605935,alert_only,0.261,0.07100000000000001,64,False,False,18.268116
siren,siren,siren,0.7731215,0.6901903,alert_only,0.261,0.07100000000000001,64,False,False,20.540676
siren,children_playing,siren,0.13319641,0.003023833,raw_audio,0.14299999999999996,0.05,128000,True,False,7.0311117
siren,siren,siren,0.18024264,0.044899076,raw_audio,0.261,0.07100000000000001,128000,True,False,7.492986
siren,siren,siren,0.21410447,0.03444074,raw_audio,0.261,0.07100000000000001,128000,True,False,8.344158
siren,siren,siren,0.20361058,0.046268,raw_audio,0.261,0.07100000000000001,128000,True,False,9.470103
siren,air_conditioner,siren,0.19997746,0.0075615942,embedding,0.15399999999999997,0.05,320,False,True,9.140184
siren,siren,siren,0.15259938,0.01565732,raw_audio,0.261,0.07100000000000001,128000,True,False,8.160641
siren,engine_idling,siren,0.1422641,8.738041e-05,raw_audio,0.14699999999999996,0.05,128000,True,False,7.6277475
siren,siren,siren,0.15488474,0.0037287772,raw_audio,0.261,0.07100000000000001,128000,True,False,8.096732
dog_bark,gun_shot,gun_shot,0.37992045,0.14431012,alert_only,0.27599999999999997,0.07400000000000001,64,False,False,18.90281
drilling,dog_bark,dog_bark,0.32413355,0.14439292,alert_only,0.176,0.05,64,False,False,10.46104
drilling,dog_bark,dog_bark,0.24305889,0.07766503,alert_only,0.176,0.05,64,False,False,11.613198
drilling,dog_bark,dog_bark,0.34786013,0.12383734,alert_only,0.176,0.05,64,False,False,13.653923
drilling,dog_bark,dog_bark,0.32937118,0.14895189,alert_only,0.176,0.05,64,False,False,12.164001
drilling,car_horn,car_horn,0.30929202,0.074260786,alert_only,0.191,0.053000000000000005,64,False,False,14.939312
drilling,dog_bark,dog_bark,0.37735903,0.14343324,alert_only,0.176,0.05,64,False,False,16.014223
drilling,dog_bark,dog_bark,0.24399725,0.096873105,alert_only,0.176,0.05,64,False,False,9.391577
drilling,dog_bark,dog_bark,0.28724772,0.040549353,embedding,0.176,0.05,320,False,True,14.394506
drilling,street_music,street_music,0.43877962,0.3251226,alert_only,0.136,0.05,64,False,False,15.545684
drilling,street_music,street_music,0.4804981,0.35658795,alert_only,0.136,0.05,64,False,False,16.151684
drilling,dog_bark,dog_bark,0.26979166,0.10677762,alert_only,0.176,0.05,64,False,False,13.783603
drilling,dog_bark,dog_bark,0.20704818,0.023479879,embedding,0.176,0.05,320,False,True,12.075831
drilling,street_music,street_music,0.35330334,0.22034527,alert_only,0.136,0.05,64,False,False,13.891151
drilling,dog_bark,dog_bark,0.33315623,0.19984624,alert_only,0.176,0.05,64,False,False,12.48179
drilling,dog_bark,dog_bark,0.32543403,0.15613039,alert_only,0.176,0.05,64,False,False,12.487059
drilling,street_music,street_music,0.37582347,0.20703928,alert_only,0.136,0.05,64,False,False,14.087492
drilling,dog_bark,dog_bark,0.34487122,0.15898247,alert_only,0.176,0.05,64,False,False,11.958835
drilling,dog_bark,dog_bark,0.3329395,0.17421679,alert_only,0.176,0.05,64,False,False,12.113513
drilling,dog_bark,dog_bark,0.37737498,0.118980885,alert_only,0.176,0.05,64,False,False,14.27433
drilling,dog_bark,dog_bark,0.34398666,0.11715302,alert_only,0.176,0.05,64,False,False,14.5516405
drilling,street_music,street_music,0.22861424,0.015739158,embedding,0.136,0.05,320,False,True,11.777823
drilling,street_music,street_music,0.25126803,0.056914955,alert_only,0.136,0.05,64,False,False,12.903444
drilling,dog_bark,dog_bark,0.2682542,0.041312337,embedding,0.176,0.05,320,False,True,13.460524
drilling,dog_bark,dog_bark,0.38738856,0.14631748,alert_only,0.176,0.05,64,False,False,14.336958
drilling,dog_bark,dog_bark,0.36828223,0.22041596,alert_only,0.176,0.05,64,False,False,12.407394
drilling,dog_bark,dog_bark,0.47605485,0.2999528,alert_only,0.176,0.05,64,False,False,14.13532
drilling,street_music,street_music,0.24041907,0.06051208,alert_only,0.136,0.05,64,False,False,12.54825
