true_label,edge_pred,final_pred,confidence,top2_margin,route,threshold_used,raw_threshold_used,transmitted_bytes,used_cloud,priority_weight,false_positive_cost,embedding_l2,embedding_dim
car_horn,gun_shot,car_horn,0.3361419,0.107424885,raw_audio,0.55,0.55,128000,True,1.8,2.0,13.193479,128
car_horn,gun_shot,dog_bark,0.43538553,0.27051872,raw_audio,0.55,0.55,128000,True,1.8,2.0,13.876112,128
car_horn,gun_shot,car_horn,0.29923433,0.0796871,raw_audio,0.55,0.55,128000,True,1.8,2.0,13.2621155,128
car_horn,gun_shot,dog_bark,0.44500223,0.28733668,raw_audio,0.55,0.55,128000,True,1.8,2.0,13.630257,128
car_horn,gun_shot,car_horn,0.28734297,0.07185617,raw_audio,0.55,0.55,128000,True,1.8,2.0,11.622952,128
dog_bark,dog_bark,dog_bark,0.735079,0.5212476,raw_audio,0.55,0.55,128000,True,1.0,0.9,19.061266,128
dog_bark,dog_bark,dog_bark,0.8682604,0.7570798,raw_audio,0.55,0.55,128000,True,1.0,0.9,21.502472,128
dog_bark,dog_bark,dog_bark,0.81013376,0.66055435,raw_audio,0.55,0.55,128000,True,1.0,0.9,19.9473,128
dog_bark,dog_bark,dog_bark,0.8588279,0.74648935,raw_audio,0.55,0.55,128000,True,1.0,0.9,21.354979,128
children_playing,street_music,children_playing,0.34748828,0.11057763,raw_audio,0.55,0.55,128000,True,0.6,0.6,27.122318,128
children_playing,dog_bark,children_playing,0.35120615,0.025096,raw_audio,0.55,0.55,128000,True,1.0,0.9,28.073727,128
children_playing,dog_bark,children_playing,0.87120634,0.78304887,raw_audio,0.55,0.55,128000,True,1.0,0.9,22.33274,128
children_playing,dog_bark,children_playing,0.4853779,0.08861327,raw_audio,0.55,0.55,128000,True,1.0,0.9,23.013363,128
children_playing,children_playing,children_playing,0.59640527,0.25120378,raw_audio,0.55,0.55,128000,True,0.7,0.6,25.490286,128
children_playing,street_music,children_playing,0.30350184,0.04340437,raw_audio,0.55,0.55,128000,True,0.6,0.6,27.555077,128
children_playing,dog_bark,children_playing,0.3502011,0.023957819,raw_audio,0.55,0.55,128000,True,1.0,0.9,25.524652,128
children_playing,dog_bark,children_playing,0.5935004,0.42082167,raw_audio,0.55,0.55,128000,True,1.0,0.9,17.709051,128
dog_bark,gun_shot,engine_idling,0.32091987,0.0498735,raw_audio,0.55,0.55,128000,True,1.8,2.0,13.567775,128
dog_bark,gun_shot,dog_bark,0.34896505,0.10516122,raw_audio,0.55,0.55,128000,True,1.8,2.0,13.651788,128
engine_idling,engine_idling,engine_idling,0.4367124,0.24266608,raw_audio,0.55,0.55,128000,True,0.7,0.7,13.679833,128
engine_idling,engine_idling,engine_idling,0.44481057,0.25089157,raw_audio,0.55,0.55,128000,True,0.7,0.7,13.489666,128
engine_idling,engine_idling,engine_idling,0.40001923,0.1699192,raw_audio,0.55,0.55,128000,True,0.7,0.7,14.221682,128
engine_idling,engine_idling,engine_idling,0.4089208,0.22195397,raw_audio,0.55,0.55,128000,True,0.7,0.7,13.555953,128
engine_idling,engine_idling,engine_idling,0.41219258,0.20906627,raw_audio,0.55,0.55,128000,True,0.7,0.7,13.217756,128
engine_idling,engine_idling,engine_idling,0.3924501,0.19933374,raw_audio,0.55,0.55,128000,True,0.7,0.7,13.190985,128
engine_idling,engine_idling,engine_idling,0.35336876,0.15954453,raw_audio,0.55,0.55,128000,True,0.7,0.7,12.530658,128
engine_idling,engine_idling,engine_idling,0.3758151,0.18221948,raw_audio,0.55,0.55,128000,True,0.7,0.7,12.872993,128
engine_idling,engine_idling,engine_idling,0.40956807,0.20669657,raw_audio,0.55,0.55,128000,True,0.7,0.7,12.955608,128
engine_idling,engine_idling,engine_idling,0.43555358,0.2534389,raw_audio,0.55,0.55,128000,True,0.7,0.7,13.2432995,128
engine_idling,engine_idling,engine_idling,0.39006612,0.19645968,raw_audio,0.55,0.55,128000,True,0.7,0.7,13.451597,128
engine_idling,engine_idling,engine_idling,0.38365695,0.18805376,raw_audio,0.55,0.55,128000,True,0.7,0.7,13.24296,128
engine_idling,engine_idling,engine_idling,0.43851158,0.26223558,raw_audio,0.55,0.55,128000,True,0.7,0.7,13.860244,128
engine_idling,engine_idling,engine_idling,0.40042502,0.2033993,raw_audio,0.55,0.55,128000,True,0.7,0.7,13.634527,128
engine_idling,engine_idling,engine_idling,0.3951496,0.19511819,raw_audio,0.55,0.55,128000,True,0.7,0.7,13.689313,128
engine_idling,engine_idling,engine_idling,0.39303583,0.16596636,raw_audio,0.55,0.55,128000,True,0.7,0.7,13.702022,128
engine_idling,engine_idling,engine_idling,0.40187454,0.19590804,raw_audio,0.55,0.55,128000,True,0.7,0.7,13.00897,128
engine_idling,engine_idling,engine_idling,0.39685115,0.2098196,raw_audio,0.55,0.55,128000,True,0.7,0.7,12.633475,128
engine_idling,engine_idling,engine_idling,0.4014132,0.18651012,raw_audio,0.55,0.55,128000,True,0.7,0.7,13.519927,128
engine_idling,engine_idling,engine_idling,0.39510933,0.1544485,raw_audio,0.55,0.55,128000,True,0.7,0.7,13.807223,128
engine_idling,engine_idling,engine_idling,0.41556242,0.1710883,raw_audio,0.55,0.55,128000,True,0.7,0.7,13.574155,128
engine_idling,engine_idling,engine_idling,0.39629203,0.13353601,raw_audio,0.55,0.55,128000,True,0.7,0.7,13.007531,128
engine_idling,engine_idling,engine_idling,0.3569624,0.08858502,raw_audio,0.55,0.55,128000,True,0.7,0.7,12.641318,128
engine_idling,engine_idling,engine_idling,0.44072726,0.25560725,raw_audio,0.55,0.55,128000,True,0.7,0.7,13.843731,128
engine_idling,engine_idling,engine_idling,0.40539902,0.16278748,raw_audio,0.55,0.55,128000,True,0.7,0.7,13.276642,128
engine_idling,engine_idling,engine_idling,0.44818136,0.26160342,raw_audio,0.55,0.55,128000,True,0.7,0.7,13.890219,128
engine_idling,engine_idling,engine_idling,0.43863228,0.25413615,raw_audio,0.55,0.55,128000,True,0.7,0.7,13.712822,128
engine_idling,engine_idling,engine_idling,0.40213013,0.19830075,raw_audio,0.55,0.55,128000,True,0.7,0.7,13.781341,128
engine_idling,engine_idling,engine_idling,0.41208804,0.19297248,raw_audio,0.55,0.55,128000,True,0.7,0.7,14.006181,128
engine_idling,engine_idling,engine_idling,0.4158154,0.22431184,raw_audio,0.55,0.55,128000,True,0.7,0.7,13.775722,128
engine_idling,engine_idling,engine_idling,0.41827062,0.2226104,raw_audio,0.55,0.55,128000,True,0.7,0.7,13.813383,128
engine_idling,jackhammer,engine_idling,0.26322535,0.023069113,raw_audio,0.55,0.55,128000,True,1.0,0.9,13.235547,128
engine_idling,siren,air_conditioner,0.42249858,0.23481275,raw_audio,0.55,0.55,128000,True,1.7,1.8,13.249034,128
engine_idling,siren,engine_idling,0.32665563,0.09056844,raw_audio,0.55,0.55,128000,True,1.7,1.8,13.97427,128
engine_idling,engine_idling,engine_idling,0.86456645,0.79281676,raw_audio,0.55,0.55,128000,True,0.7,0.7,22.197369,128
engine_idling,engine_idling,engine_idling,0.8275186,0.7276629,raw_audio,0.55,0.55,128000,True,0.7,0.7,21.835394,128
engine_idling,engine_idling,engine_idling,0.8147507,0.72135895,raw_audio,0.55,0.55,128000,True,0.7,0.7,21.392773,128
engine_idling,engine_idling,engine_idling,0.805874,0.6999368,raw_audio,0.55,0.55,128000,True,0.7,0.7,21.40174,128
engine_idling,engine_idling,engine_idling,0.79910964,0.6827248,raw_audio,0.55,0.55,128000,True,0.7,0.7,20.639444,128
street_music,street_music,street_music,0.49583423,0.25289786,raw_audio,0.55,0.55,128000,True,0.6,0.6,32.955387,128
street_music,street_music,street_music,0.3895907,0.10503739,raw_audio,0.55,0.55,128000,True,0.6,0.6,17.696215,128
street_music,street_music,street_music,0.55754554,0.327587,raw_audio,0.55,0.55,128000,True,0.6,0.6,29.03057,128
street_music,street_music,street_music,0.39154935,0.18599729,raw_audio,0.55,0.55,128000,True,0.6,0.6,21.16035,128
street_music,street_music,street_music,0.4589249,0.19637701,raw_audio,0.55,0.55,128000,True,0.6,0.6,21.996775,128
street_music,siren,street_music,0.43004754,0.026643157,raw_audio,0.55,0.55,128000,True,1.7,1.8,34.99823,128
street_music,car_horn,dog_bark,0.47698992,0.20786443,raw_audio,0.55,0.55,128000,True,1.1,1.1,40.563038,128
street_music,street_music,street_music,0.45943934,0.08286095,raw_audio,0.55,0.55,128000,True,0.6,0.6,26.296694,128
street_music,siren,street_music,0.44204223,0.15894163,raw_audio,0.55,0.55,128000,True,1.7,1.8,19.146687,128
street_music,street_music,street_music,0.37437508,0.04604858,raw_audio,0.55,0.55,128000,True,0.6,0.6,22.303562,128
street_music,street_music,street_music,0.34748307,0.069365084,raw_audio,0.55,0.55,128000,True,0.6,0.6,19.34062,128
street_music,siren,street_music,0.43367255,0.05516845,raw_audio,0.55,0.55,128000,True,1.7,1.8,28.151907,128
street_music,street_music,street_music,0.36541817,0.16405763,raw_audio,0.55,0.55,128000,True,0.6,0.6,19.511196,128
dog_bark,dog_bark,dog_bark,0.36840227,0.018807441,raw_audio,0.55,0.55,128000,True,1.0,0.9,17.413029,128
dog_bark,dog_bark,dog_bark,0.3147821,0.04072681,raw_audio,0.55,0.55,128000,True,1.0,0.9,14.433135,128
street_music,street_music,street_music,0.70026636,0.59497404,raw_audio,0.55,0.55,128000,True,0.6,0.6,22.750778,128
street_music,street_music,street_music,0.69366676,0.58080435,raw_audio,0.55,0.55,128000,True,0.6,0.6,18.783588,128
street_music,street_music,street_music,0.4704378,0.30610657,raw_audio,0.55,0.55,128000,True,0.6,0.6,15.849644,128
street_music,street_music,street_music,0.3827572,0.15020286,raw_audio,0.55,0.55,128000,True,0.6,0.6,13.140874,128
street_music,street_music,street_music,0.32915008,0.14027116,raw_audio,0.55,0.55,128000,True,0.6,0.6,12.670326,128
street_music,street_music,street_music,0.3732414,0.19155471,raw_audio,0.55,0.55,128000,True,0.6,0.6,13.519211,128
drilling,siren,drilling,0.3926848,0.23375827,raw_audio,0.55,0.55,128000,True,1.7,1.8,11.397702,128
drilling,siren,drilling,0.5068594,0.36024454,raw_audio,0.55,0.55,128000,True,1.7,1.8,12.138654,128
drilling,siren,drilling,0.49832726,0.32432926,raw_audio,0.55,0.55,128000,True,1.7,1.8,10.7740345,128
drilling,siren,drilling,0.48704907,0.30724734,raw_audio,0.55,0.55,128000,True,1.7,1.8,10.90712,128
drilling,siren,drilling,0.5016553,0.34072226,raw_audio,0.55,0.55,128000,True,1.7,1.8,10.105581,128
drilling,siren,drilling,0.38685775,0.23408203,raw_audio,0.55,0.55,128000,True,1.7,1.8,9.783606,128
drilling,siren,drilling,0.60516757,0.49470657,raw_audio,0.55,0.55,128000,True,1.7,1.8,13.238099,128
drilling,siren,drilling,0.506218,0.32645464,raw_audio,0.55,0.55,128000,True,1.7,1.8,12.641999,128
drilling,siren,drilling,0.44970012,0.26489055,raw_audio,0.55,0.55,128000,True,1.7,1.8,12.591574,128
drilling,siren,air_conditioner,0.36522642,0.1881202,raw_audio,0.55,0.55,128000,True,1.7,1.8,12.083565,128
drilling,siren,drilling,0.3719081,0.23324655,raw_audio,0.55,0.55,128000,True,1.7,1.8,10.893281,128
drilling,siren,children_playing,0.3648818,0.213131,raw_audio,0.55,0.55,128000,True,1.7,1.8,11.0119705,128
drilling,siren,drilling,0.41588902,0.2872941,raw_audio,0.55,0.55,128000,True,1.7,1.8,12.074922,128
drilling,siren,drilling,0.43001205,0.2551198,raw_audio,0.55,0.55,128000,True,1.7,1.8,11.617458,128
engine_idling,engine_idling,engine_idling,0.56144655,0.29329854,raw_audio,0.55,0.55,128000,True,0.7,0.7,13.348602,128
engine_idling,engine_idling,engine_idling,0.6107044,0.37136918,raw_audio,0.55,0.55,128000,True,0.7,0.7,14.270182,128
engine_idling,engine_idling,engine_idling,0.6836265,0.5261859,raw_audio,0.55,0.55,128000,True,0.7,0.7,14.556695,128
engine_idling,engine_idling,engine_idling,0.7687353,0.6437311,raw_audio,0.55,0.55,128000,True,0.7,0.7,15.184204,128
engine_idling,engine_idling,engine_idling,0.7832979,0.6689546,raw_audio,0.55,0.55,128000,True,0.7,0.7,15.142931,128
engine_idling,engine_idling,engine_idling,0.771171,0.64675736,raw_audio,0.55,0.55,128000,True,0.7,0.7,14.782726,128
engine_idling,engine_idling,engine_idling,0.8462739,0.7763638,raw_audio,0.55,0.55,128000,True,0.7,0.7,19.024858,128
engine_idling,engine_idling,engine_idling,0.7645418,0.68156195,raw_audio,0.55,0.55,128000,True,0.7,0.7,17.1322,128
engine_idling,engine_idling,engine_idling,0.73658544,0.64122903,raw_audio,0.55,0.55,128000,True,0.7,0.7,16.196564,128
engine_idling,engine_idling,engine_idling,0.68017596,0.58246547,raw_audio,0.55,0.55,128000,True,0.7,0.7,16.016207,128
air_conditioner,engine_idling,air_conditioner,0.3458106,0.11860742,raw_audio,0.55,0.55,128000,True,0.7,0.7,12.219465,128
air_conditioner,engine_idling,air_conditioner,0.2813819,0.040175408,raw_audio,0.55,0.55,128000,True,0.7,0.7,12.102395,128
air_conditioner,engine_idling,drilling,0.35418123,0.12872793,raw_audio,0.55,0.55,128000,True,0.7,0.7,12.29945,128
dog_bark,dog_bark,dog_bark,0.7816324,0.6699424,raw_audio,0.55,0.55,128000,True,1.0,0.9,24.29716,128
dog_bark,dog_bark,dog_bark,0.8595909,0.7535225,raw_audio,0.55,0.55,128000,True,1.0,0.9,24.66073,128
dog_bark,dog_bark,dog_bark,0.74492407,0.5265105,raw_audio,0.55,0.55,128000,True,1.0,0.9,23.860481,128
dog_bark,dog_bark,dog_bark,0.9696581,0.94299847,raw_audio,0.55,0.55,128000,True,1.0,0.9,26.54539,128
dog_bark,dog_bark,dog_bark,0.9176835,0.8584717,raw_audio,0.55,0.55,128000,True,1.0,0.9,22.337288,128
dog_bark,dog_bark,dog_bark,0.5324199,0.23351201,raw_audio,0.55,0.55,128000,True,1.0,0.9,19.023523,128
dog_bark,dog_bark,dog_bark,0.7176745,0.5396945,raw_audio,0.55,0.55,128000,True,1.0,0.9,18.31514,128
dog_bark,dog_bark,dog_bark,0.7200853,0.5012882,raw_audio,0.55,0.55,128000,True,1.0,0.9,19.635277,128
children_playing,dog_bark,children_playing,0.5984437,0.4746376,raw_audio,0.55,0.55,128000,True,1.0,0.9,12.301724,128
children_playing,dog_bark,siren,0.7373958,0.6481185,raw_audio,0.55,0.55,128000,True,1.0,0.9,13.640899,128
children_playing,dog_bark,car_horn,0.8299618,0.78621304,raw_audio,0.55,0.55,128000,True,1.0,0.9,15.308587,128
children_playing,dog_bark,children_playing,0.725044,0.6622079,raw_audio,0.55,0.55,128000,True,1.0,0.9,12.923189,128
children_playing,dog_bark,engine_idling,0.6518023,0.54542065,raw_audio,0.55,0.55,128000,True,1.0,0.9,11.975889,128
children_playing,dog_bark,children_playing,0.60849804,0.50620615,raw_audio,0.55,0.55,128000,True,1.0,0.9,11.734617,128
children_playing,dog_bark,children_playing,0.7155914,0.64569604,raw_audio,0.55,0.55,128000,True,1.0,0.9,13.127516,128
children_playing,dog_bark,air_conditioner,0.7138075,0.64086014,raw_audio,0.55,0.55,128000,True,1.0,0.9,13.31478,128
street_music,children_playing,street_music,0.5311438,0.1867496,raw_audio,0.55,0.55,128000,True,0.7,0.6,23.27799,128
street_music,children_playing,siren,0.56299365,0.35022575,raw_audio,0.55,0.55,128000,True,0.7,0.6,17.032587,128
street_music,street_music,street_music,0.47795433,0.20699885,raw_audio,0.55,0.55,128000,True,0.6,0.6,32.282818,128
street_music,street_music,street_music,0.7179261,0.6060967,raw_audio,0.55,0.55,128000,True,0.6,0.6,24.976149,128
street_music,street_music,street_music,0.3896334,0.09054047,raw_audio,0.55,0.55,128000,True,0.6,0.6,21.149992,128
street_music,street_music,street_music,0.47469383,0.31124964,raw_audio,0.55,0.55,128000,True,0.6,0.6,17.318995,128
street_music,street_music,street_music,0.74355716,0.54516965,raw_audio,0.55,0.55,128000,True,0.6,0.6,23.575806,128
street_music,street_music,street_music,0.5853549,0.3815356,raw_audio,0.55,0.55,128000,True,0.6,0.6,18.173529,128
street_music,siren,street_music,0.24817072,0.041687727,raw_audio,0.55,0.55,128000,True,1.7,1.8,11.513267,128
street_music,street_music,street_music,0.3176226,0.090727836,raw_audio,0.55,0.55,128000,True,0.6,0.6,10.304752,128
street_music,street_music,street_music,0.5903491,0.4408985,raw_audio,0.55,0.55,128000,True,0.6,0.6,13.015359,128
street_music,street_music,street_music,0.5244291,0.3575826,raw_audio,0.55,0.55,128000,True,0.6,0.6,14.043038,128
engine_idling,gun_shot,engine_idling,0.2953696,0.0012104511,raw_audio,0.55,0.55,128000,True,1.8,2.0,11.95854,128
engine_idling,gun_shot,engine_idling,0.30710393,0.024329752,raw_audio,0.55,0.55,128000,True,1.8,2.0,10.654392,128
dog_bark,dog_bark,dog_bark,0.5930119,0.45505148,raw_audio,0.55,0.55,128000,True,1.0,0.9,15.911914,128
dog_bark,drilling,gun_shot,0.57598686,0.4313744,raw_audio,0.55,0.55,128000,True,0.9,0.8,15.707588,128
dog_bark,drilling,dog_bark,0.45261836,0.21311821,raw_audio,0.55,0.55,128000,True,0.9,0.8,15.328305,128
dog_bark,gun_shot,dog_bark,0.46819648,0.22915594,raw_audio,0.55,0.55,128000,True,1.8,2.0,11.754407,128
dog_bark,dog_bark,dog_bark,0.21663211,0.028462082,raw_audio,0.55,0.55,128000,True,1.0,0.9,11.004928,128
children_playing,dog_bark,engine_idling,0.7752447,0.6964177,raw_audio,0.55,0.55,128000,True,1.0,0.9,15.680601,128
children_playing,dog_bark,children_playing,0.71202075,0.5866457,raw_audio,0.55,0.55,128000,True,1.0,0.9,16.144182,128
children_playing,dog_bark,children_playing,0.67159426,0.56493855,raw_audio,0.55,0.55,128000,True,1.0,0.9,14.362594,128
children_playing,siren,children_playing,0.43415838,0.24536426,raw_audio,0.55,0.55,128000,True,1.7,1.8,19.159128,128
children_playing,siren,children_playing,0.4345087,0.2762479,raw_audio,0.55,0.55,128000,True,1.7,1.8,12.866534,128
children_playing,siren,children_playing,0.23349257,0.10175587,raw_audio,0.55,0.55,128000,True,1.7,1.8,11.418764,128
children_playing,dog_bark,engine_idling,0.17783032,0.010054991,raw_audio,0.55,0.55,128000,True,1.0,0.9,12.103121,128
children_playing,children_playing,children_playing,0.3556197,0.057100832,raw_audio,0.55,0.55,128000,True,0.7,0.6,17.610647,128
drilling,drilling,drilling,0.9453218,0.9096312,raw_audio,0.55,0.55,128000,True,0.9,0.8,27.584856,128
street_music,children_playing,street_music,0.4823043,0.21921736,raw_audio,0.55,0.55,128000,True,0.7,0.6,13.522922,128
street_music,children_playing,street_music,0.49111348,0.17856467,raw_audio,0.55,0.55,128000,True,0.7,0.6,19.558418,128
street_music,children_playing,siren,0.4056433,0.14128739,raw_audio,0.55,0.55,128000,True,0.7,0.6,14.331079,128
street_music,street_music,street_music,0.40683463,0.0017152429,raw_audio,0.55,0.55,128000,True,0.6,0.6,18.8761,128
street_music,children_playing,jackhammer,0.46354276,0.18186349,raw_audio,0.55,0.55,128000,True,0.7,0.6,16.509537,128
street_music,children_playing,street_music,0.52760905,0.2825917,raw_audio,0.55,0.55,128000,True,0.7,0.6,19.29369,128
street_music,street_music,street_music,0.7025279,0.5160359,raw_audio,0.55,0.55,128000,True,0.6,0.6,21.653337,128
street_music,car_horn,street_music,0.8795014,0.7748342,raw_audio,0.55,0.55,128000,True,1.1,1.1,30.411837,128
street_music,street_music,street_music,0.8074899,0.6937085,raw_audio,0.55,0.55,128000,True,0.6,0.6,28.663828,128
street_music,street_music,street_music,0.7542574,0.64977884,raw_audio,0.55,0.55,128000,True,0.6,0.6,21.22101,128
street_music,car_horn,street_music,0.62818533,0.28122592,raw_audio,0.55,0.55,128000,True,1.1,1.1,31.737469,128
street_music,street_music,street_music,0.76531154,0.60138756,raw_audio,0.55,0.55,128000,True,0.6,0.6,26.20677,128
children_playing,dog_bark,siren,0.39103165,0.063082755,raw_audio,0.55,0.55,128000,True,1.0,0.9,14.176014,128
children_playing,children_playing,children_playing,0.30744228,0.046396375,raw_audio,0.55,0.55,128000,True,0.7,0.6,11.606136,128
children_playing,street_music,children_playing,0.28287852,0.037620634,raw_audio,0.55,0.55,128000,True,0.6,0.6,11.435165,128
children_playing,children_playing,children_playing,0.2264188,0.032663956,raw_audio,0.55,0.55,128000,True,0.7,0.6,10.452563,128
children_playing,children_playing,children_playing,0.33627573,0.07861596,raw_audio,0.55,0.55,128000,True,0.7,0.6,12.733212,128
children_playing,dog_bark,air_conditioner,0.36947203,0.14198504,raw_audio,0.55,0.55,128000,True,1.0,0.9,11.417528,128
children_playing,dog_bark,siren,0.29834163,0.043591022,raw_audio,0.55,0.55,128000,True,1.0,0.9,12.04884,128
children_playing,dog_bark,jackhammer,0.34977353,0.19241826,raw_audio,0.55,0.55,128000,True,1.0,0.9,10.666749,128
children_playing,street_music,car_horn,0.25905445,0.00020757318,raw_audio,0.55,0.55,128000,True,0.6,0.6,11.678953,128
children_playing,children_playing,children_playing,0.34781656,0.111800745,raw_audio,0.55,0.55,128000,True,0.7,0.6,13.021432,128
children_playing,children_playing,children_playing,0.24067512,0.014549449,raw_audio,0.55,0.55,128000,True,0.7,0.6,11.600986,128
children_playing,air_conditioner,engine_idling,0.30860397,0.12302482,raw_audio,0.55,0.55,128000,True,0.8,0.7,10.735756,128
children_playing,children_playing,children_playing,0.27674285,0.018457234,raw_audio,0.55,0.55,128000,True,0.7,0.6,12.147677,128
children_playing,car_horn,children_playing,0.28407612,0.014876634,raw_audio,0.55,0.55,128000,True,1.1,1.1,17.196869,128
children_playing,children_playing,children_playing,0.23270188,0.0033617765,raw_audio,0.55,0.55,128000,True,0.7,0.6,10.502102,128
children_playing,children_playing,children_playing,0.3154327,0.112959415,raw_audio,0.55,0.55,128000,True,0.7,0.6,10.165603,128
dog_bark,dog_bark,dog_bark,0.99291855,0.9890416,raw_audio,0.55,0.55,128000,True,1.0,0.9,32.290833,128
engine_idling,siren,drilling,0.32907802,0.06337026,raw_audio,0.55,0.55,128000,True,1.7,1.8,11.709251,128
engine_idling,siren,engine_idling,0.34181187,0.16281259,raw_audio,0.55,0.55,128000,True,1.7,1.8,11.052732,128
engine_idling,engine_idling,engine_idling,0.28221515,0.045385137,raw_audio,0.55,0.55,128000,True,0.7,0.7,11.941285,128
engine_idling,engine_idling,engine_idling,0.27680644,0.07976031,raw_audio,0.55,0.55,128000,True,0.7,0.7,11.614251,128
engine_idling,engine_idling,engine_idling,0.28685996,0.08228558,raw_audio,0.55,0.55,128000,True,0.7,0.7,11.496889,128
engine_idling,engine_idling,engine_idling,0.27962378,0.076030225,raw_audio,0.55,0.55,128000,True,0.7,0.7,11.35778,128
engine_idling,engine_idling,engine_idling,0.23614939,0.024783805,raw_audio,0.55,0.55,128000,True,0.7,0.7,11.118665,128
engine_idling,engine_idling,engine_idling,0.21991289,0.0046886653,raw_audio,0.55,0.55,128000,True,0.7,0.7,11.310392,128
engine_idling,siren,engine_idling,0.26376423,0.03327413,raw_audio,0.55,0.55,128000,True,1.7,1.8,11.427976,128
engine_idling,engine_idling,engine_idling,0.24017146,0.009978116,raw_audio,0.55,0.55,128000,True,0.7,0.7,11.474349,128
engine_idling,siren,street_music,0.29913595,0.08585954,raw_audio,0.55,0.55,128000,True,1.7,1.8,11.69014,128
engine_idling,siren,siren,0.2547872,0.02417177,raw_audio,0.55,0.55,128000,True,1.7,1.8,11.549409,128
engine_idling,siren,siren,0.31341562,0.09690142,raw_audio,0.55,0.55,128000,True,1.7,1.8,10.844341,128
engine_idling,siren,air_conditioner,0.2660428,0.0052658916,raw_audio,0.55,0.55,128000,True,1.7,1.8,10.195745,128
engine_idling,siren,children_playing,0.2551823,0.07320325,raw_audio,0.55,0.55,128000,True,1.7,1.8,10.399593,128
engine_idling,siren,engine_idling,0.28307304,0.060730055,raw_audio,0.55,0.55,128000,True,1.7,1.8,10.402142,128
engine_idling,siren,engine_idling,0.33727628,0.11770226,raw_audio,0.55,0.55,128000,True,1.7,1.8,10.626254,128
engine_idling,siren,engine_idling,0.29556742,0.07652457,raw_audio,0.55,0.55,128000,True,1.7,1.8,10.794196,128
engine_idling,siren,engine_idling,0.37411112,0.10969314,raw_audio,0.55,0.55,128000,True,1.7,1.8,11.126243,128
engine_idling,siren,engine_idling,0.30173823,0.042515725,raw_audio,0.55,0.55,128000,True,1.7,1.8,11.338699,128
gun_shot,gun_shot,gun_shot,0.8295051,0.7745426,raw_audio,0.55,0.55,128000,True,1.8,2.0,16.272642,128
gun_shot,gun_shot,gun_shot,0.8037624,0.74023145,raw_audio,0.55,0.55,128000,True,1.8,2.0,15.988538,128
gun_shot,gun_shot,gun_shot,0.7975536,0.7345628,raw_audio,0.55,0.55,128000,True,1.8,2.0,15.038951,128
gun_shot,gun_shot,gun_shot,0.6274759,0.4915086,raw_audio,0.55,0.55,128000,True,1.8,2.0,14.236897,128
gun_shot,gun_shot,gun_shot,0.5790201,0.4343077,raw_audio,0.55,0.55,128000,True,1.8,2.0,13.982025,128
gun_shot,gun_shot,gun_shot,0.58669424,0.44331807,raw_audio,0.55,0.55,128000,True,1.8,2.0,13.983445,128
gun_shot,gun_shot,gun_shot,0.7762728,0.6930841,raw_audio,0.55,0.55,128000,True,1.8,2.0,14.349543,128
gun_shot,gun_shot,gun_shot,0.6194699,0.48050785,raw_audio,0.55,0.55,128000,True,1.8,2.0,14.187497,128
gun_shot,gun_shot,gun_shot,0.57652754,0.416574,raw_audio,0.55,0.55,128000,True,1.8,2.0,13.941372,128
gun_shot,gun_shot,gun_shot,0.61440104,0.46761325,raw_audio,0.55,0.55,128000,True,1.8,2.0,14.409843,128
gun_shot,gun_shot,gun_shot,0.82283455,0.7633154,raw_audio,0.55,0.55,128000,True,1.8,2.0,15.171974,128
gun_shot,gun_shot,gun_shot,0.46822417,0.2853606,raw_audio,0.55,0.55,128000,True,1.8,2.0,13.374438,128
gun_shot,gun_shot,gun_shot,0.69320613,0.61044747,raw_audio,0.55,0.55,128000,True,1.8,2.0,13.0174675,128
siren,siren,siren,0.8811408,0.837817,raw_audio,0.55,0.55,128000,True,1.7,1.8,19.44536,128
siren,siren,siren,0.93311846,0.9042133,raw_audio,0.55,0.55,128000,True,1.7,1.8,19.430395,128
siren,siren,siren,0.9506888,0.9090471,raw_audio,0.55,0.55,128000,True,1.7,1.8,26.271776,128
siren,siren,siren,0.9008967,0.8276182,raw_audio,0.55,0.55,128000,True,1.7,1.8,21.664072,128
siren,siren,siren,0.73079276,0.56534797,raw_audio,0.55,0.55,128000,True,1.7,1.8,17.593176,128
siren,dog_bark,siren,0.4048054,0.10057104,raw_audio,0.55,0.55,128000,True,1.0,0.9,14.536168,128
siren,siren,siren,0.39286628,0.071888894,raw_audio,0.55,0.55,128000,True,1.7,1.8,13.803737,128
siren,siren,siren,0.93272305,0.8953084,raw_audio,0.55,0.55,128000,True,1.7,1.8,21.35642,128
siren,siren,siren,0.87377805,0.8063546,raw_audio,0.55,0.55,128000,True,1.7,1.8,19.479683,128
siren,siren,siren,0.6763449,0.5341997,raw_audio,0.55,0.55,128000,True,1.7,1.8,18.545975,128
siren,siren,siren,0.7735829,0.6631295,raw_audio,0.55,0.55,128000,True,1.7,1.8,19.49259,128
siren,siren,siren,0.81187546,0.65328544,raw_audio,0.55,0.55,128000,True,1.7,1.8,24.78117,128
siren,dog_bark,siren,0.5371553,0.14696068,raw_audio,0.55,0.55,128000,True,1.0,0.9,19.66431,128
siren,dog_bark,siren,0.77267665,0.57146275,raw_audio,0.55,0.55,128000,True,1.0,0.9,23.293566,128
siren,siren,siren,0.6556815,0.32202572,raw_audio,0.55,0.55,128000,True,1.7,1.8,27.699316,128
jackhammer,jackhammer,jackhammer,0.5434036,0.34097722,raw_audio,0.55,0.55,128000,True,1.0,0.9,14.067899,128
jackhammer,jackhammer,jackhammer,0.50580597,0.11520767,raw_audio,0.55,0.55,128000,True,1.0,0.9,18.532785,128
jackhammer,jackhammer,jackhammer,0.5898025,0.25758013,raw_audio,0.55,0.55,128000,True,1.0,0.9,20.81553,128
jackhammer,car_horn,jackhammer,0.38924676,0.14498997,raw_audio,0.55,0.55,128000,True,1.1,1.1,15.435028,128
jackhammer,jackhammer,jackhammer,0.6009618,0.28175953,raw_audio,0.55,0.55,128000,True,1.0,0.9,21.732311,128
jackhammer,engine_idling,jackhammer,0.57285064,0.17777687,raw_audio,0.55,0.55,128000,True,0.7,0.7,27.141516,128
jackhammer,engine_idling,jackhammer,0.64376473,0.328083,raw_audio,0.55,0.55,128000,True,0.7,0.7,23.930742,128
jackhammer,engine_idling,engine_idling,0.7003247,0.45931935,raw_audio,0.55,0.55,128000,True,0.7,0.7,20.758713,128
jackhammer,jackhammer,jackhammer,0.65431476,0.32979777,raw_audio,0.55,0.55,128000,True,1.0,0.9,24.64258,128
jackhammer,engine_idling,jackhammer,0.7737447,0.56066537,raw_audio,0.55,0.55,128000,True,0.7,0.7,27.90065,128
jackhammer,engine_idling,jackhammer,0.84966195,0.7055689,raw_audio,0.55,0.55,128000,True,0.7,0.7,32.613518,128
jackhammer,engine_idling,jackhammer,0.70199513,0.4180953,raw_audio,0.55,0.55,128000,True,0.7,0.7,28.116217,128
jackhammer,engine_idling,jackhammer,0.6624034,0.37938377,raw_audio,0.55,0.55,128000,True,0.7,0.7,24.568993,128
jackhammer,jackhammer,jackhammer,0.52316195,0.06647518,raw_audio,0.55,0.55,128000,True,1.0,0.9,28.590372,128
jackhammer,jackhammer,jackhammer,0.73344177,0.48169175,raw_audio,0.55,0.55,128000,True,1.0,0.9,28.844492,128
jackhammer,jackhammer,jackhammer,0.76979905,0.6214385,raw_audio,0.55,0.55,128000,True,1.0,0.9,18.068989,128
jackhammer,engine_idling,jackhammer,0.5267807,0.07461828,raw_audio,0.55,0.55,128000,True,0.7,0.7,28.280745,128
jackhammer,engine_idling,jackhammer,0.4976393,0.033682734,raw_audio,0.55,0.55,128000,True,0.7,0.7,25.544886,128
jackhammer,jackhammer,jackhammer,0.4927135,0.015047371,raw_audio,0.55,0.55,128000,True,1.0,0.9,26.792046,128
jackhammer,engine_idling,jackhammer,0.5184303,0.052022725,raw_audio,0.55,0.55,128000,True,0.7,0.7,29.579739,128
jackhammer,engine_idling,siren,0.52909833,0.08636531,raw_audio,0.55,0.55,128000,True,0.7,0.7,24.366514,128
jackhammer,engine_idling,jackhammer,0.49483663,0.0026866198,raw_audio,0.55,0.55,128000,True,0.7,0.7,29.915598,128
jackhammer,jackhammer,jackhammer,0.63263124,0.27577123,raw_audio,0.55,0.55,128000,True,1.0,0.9,31.14059,128
jackhammer,engine_idling,jackhammer,0.54534966,0.11155945,raw_audio,0.55,0.55,128000,True,0.7,0.7,27.705318,128
jackhammer,jackhammer,jackhammer,0.6385436,0.30490014,raw_audio,0.55,0.55,128000,True,1.0,0.9,24.269085,128
jackhammer,jackhammer,jackhammer,0.78930604,0.6476617,raw_audio,0.55,0.55,128000,True,1.0,0.9,17.994753,128
jackhammer,jackhammer,jackhammer,0.60750544,0.22879347,raw_audio,0.55,0.55,128000,True,1.0,0.9,26.33841,128
jackhammer,engine_idling,jackhammer,0.6302796,0.2788634,raw_audio,0.55,0.55,128000,True,0.7,0.7,25.61661,128
jackhammer,engine_idling,jackhammer,0.6100151,0.24314532,raw_audio,0.55,0.55,128000,True,0.7,0.7,25.357168,128
jackhammer,engine_idling,jackhammer,0.5854461,0.1890164,raw_audio,0.55,0.55,128000,True,0.7,0.7,28.180597,128
jackhammer,engine_idling,jackhammer,0.5633171,0.14307618,raw_audio,0.55,0.55,128000,True,0.7,0.7,30.012445,128
jackhammer,engine_idling,jackhammer,0.5277737,0.06471446,raw_audio,0.55,0.55,128000,True,0.7,0.7,31.062483,128
jackhammer,jackhammer,jackhammer,0.5510436,0.114281446,raw_audio,0.55,0.55,128000,True,1.0,0.9,28.764679,128
jackhammer,jackhammer,jackhammer,0.8710548,0.79395014,raw_audio,0.55,0.55,128000,True,1.0,0.9,20.794453,128
jackhammer,jackhammer,jackhammer,0.5496602,0.14255828,raw_audio,0.55,0.55,128000,True,1.0,0.9,23.025547,128
jackhammer,jackhammer,jackhammer,0.5422022,0.15931168,raw_audio,0.55,0.55,128000,True,1.0,0.9,19.657274,128
jackhammer,jackhammer,jackhammer,0.7463964,0.5392879,raw_audio,0.55,0.55,128000,True,1.0,0.9,22.143358,128
jackhammer,jackhammer,jackhammer,0.71460104,0.44919088,raw_audio,0.55,0.55,128000,True,1.0,0.9,25.479958,128
jackhammer,jackhammer,jackhammer,0.5797872,0.1706917,raw_audio,0.55,0.55,128000,True,1.0,0.9,29.088839,128
jackhammer,engine_idling,street_music,0.51194763,0.040180117,raw_audio,0.55,0.55,128000,True,0.7,0.7,28.304022,128
jackhammer,engine_idling,jackhammer,0.54988855,0.12169373,raw_audio,0.55,0.55,128000,True,0.7,0.7,27.003012,128
jackhammer,engine_idling,street_music,0.26525977,0.07679631,raw_audio,0.55,0.55,128000,True,0.7,0.7,11.846066,128
jackhammer,dog_bark,jackhammer,0.28896007,0.11076477,raw_audio,0.55,0.55,128000,True,1.0,0.9,16.22743,128
jackhammer,gun_shot,jackhammer,0.37239784,0.1878363,raw_audio,0.55,0.55,128000,True,1.8,2.0,8.898984,128
jackhammer,gun_shot,jackhammer,0.5141979,0.38260716,raw_audio,0.55,0.55,128000,True,1.8,2.0,11.545138,128
jackhammer,gun_shot,jackhammer,0.5336582,0.39422286,raw_audio,0.55,0.55,128000,True,1.8,2.0,12.928262,128
jackhammer,dog_bark,siren,0.26138794,0.02195625,raw_audio,0.55,0.55,128000,True,1.0,0.9,13.653755,128
jackhammer,dog_bark,jackhammer,0.5177686,0.35662797,raw_audio,0.55,0.55,128000,True,1.0,0.9,16.475777,128
jackhammer,engine_idling,jackhammer,0.57990724,0.20279816,raw_audio,0.55,0.55,128000,True,0.7,0.7,23.435837,128
jackhammer,engine_idling,jackhammer,0.5715931,0.15787292,raw_audio,0.55,0.55,128000,True,0.7,0.7,27.099184,128
jackhammer,engine_idling,gun_shot,0.8237247,0.65965277,raw_audio,0.55,0.55,128000,True,0.7,0.7,28.134642,128
jackhammer,engine_idling,engine_idling,0.83703697,0.6897793,raw_audio,0.55,0.55,128000,True,0.7,0.7,26.266565,128
jackhammer,engine_idling,jackhammer,0.8038591,0.63141,raw_audio,0.55,0.55,128000,True,0.7,0.7,23.949066,128
jackhammer,engine_idling,jackhammer,0.8785967,0.79315805,raw_audio,0.55,0.55,128000,True,0.7,0.7,23.3941,128
jackhammer,engine_idling,jackhammer,0.84558713,0.7059731,raw_audio,0.55,0.55,128000,True,0.7,0.7,28.18921,128
jackhammer,engine_idling,jackhammer,0.7954021,0.61540186,raw_audio,0.55,0.55,128000,True,0.7,0.7,24.802563,128
jackhammer,jackhammer,jackhammer,0.7681992,0.5553576,raw_audio,0.55,0.55,128000,True,1.0,0.9,25.806843,128
jackhammer,jackhammer,jackhammer,0.8144932,0.64449733,raw_audio,0.55,0.55,128000,True,1.0,0.9,26.293467,128
jackhammer,jackhammer,jackhammer,0.75980026,0.54478574,raw_audio,0.55,0.55,128000,True,1.0,0.9,24.425364,128
jackhammer,jackhammer,jackhammer,0.52560246,0.09082037,raw_audio,0.55,0.55,128000,True,1.0,0.9,23.48737,128
jackhammer,engine_idling,jackhammer,0.713111,0.44075778,raw_audio,0.55,0.55,128000,True,0.7,0.7,29.35504,128
dog_bark,gun_shot,dog_bark,0.36834335,0.14788362,raw_audio,0.55,0.55,128000,True,1.8,2.0,13.586044,128
dog_bark,gun_shot,dog_bark,0.5036587,0.3230605,raw_audio,0.55,0.55,128000,True,1.8,2.0,14.176951,128
children_playing,dog_bark,car_horn,0.6222256,0.3610748,raw_audio,0.55,0.55,128000,True,1.0,0.9,21.485067,128
children_playing,children_playing,children_playing,0.44918033,0.17371383,raw_audio,0.55,0.55,128000,True,0.7,0.6,25.729008,128
children_playing,children_playing,children_playing,0.46409068,0.13399792,raw_audio,0.55,0.55,128000,True,0.7,0.6,20.250587,128
children_playing,children_playing,children_playing,0.3961422,0.05941364,raw_audio,0.55,0.55,128000,True,0.7,0.6,21.56572,128
children_playing,children_playing,children_playing,0.3158127,0.11386959,raw_audio,0.55,0.55,128000,True,0.7,0.6,12.139199,128
children_playing,children_playing,children_playing,0.42157543,0.202132,raw_audio,0.55,0.55,128000,True,0.7,0.6,15.4408455,128
children_playing,children_playing,children_playing,0.4630916,0.28696442,raw_audio,0.55,0.55,128000,True,0.7,0.6,18.596174,128
children_playing,children_playing,children_playing,0.31728157,0.015180767,raw_audio,0.55,0.55,128000,True,0.7,0.6,13.6594715,128
street_music,street_music,street_music,0.6227304,0.5190896,raw_audio,0.55,0.55,128000,True,0.6,0.6,20.368553,128
street_music,children_playing,air_conditioner,0.30071503,0.040396273,raw_audio,0.55,0.55,128000,True,0.7,0.6,12.236682,128
street_music,dog_bark,street_music,0.43134564,0.08460745,raw_audio,0.55,0.55,128000,True,1.0,0.9,15.066404,128
street_music,street_music,street_music,0.28767663,0.053485528,raw_audio,0.55,0.55,128000,True,0.6,0.6,15.243698,128
street_music,dog_bark,street_music,0.35598537,0.15727448,raw_audio,0.55,0.55,128000,True,1.0,0.9,15.437734,128
street_music,siren,street_music,0.43703207,0.18771008,raw_audio,0.55,0.55,128000,True,1.7,1.8,16.208687,128
street_music,street_music,street_music,0.5078794,0.29012394,raw_audio,0.55,0.55,128000,True,0.6,0.6,18.677372,128
gun_shot,dog_bark,street_music,0.5034262,0.31852865,raw_audio,0.55,0.55,128000,True,1.0,0.9,15.49125,128
siren,siren,siren,0.56745857,0.3642053,raw_audio,0.55,0.55,128000,True,1.7,1.8,22.90221,128
siren,dog_bark,dog_bark,0.5353454,0.1886152,raw_audio,0.55,0.55,128000,True,1.0,0.9,25.765873,128
siren,siren,siren,0.624358,0.3209062,raw_audio,0.55,0.55,128000,True,1.7,1.8,20.252367,128
siren,siren,siren,0.58277005,0.3342744,raw_audio,0.55,0.55,128000,True,1.7,1.8,18.339497,128
siren,siren,siren,0.65355134,0.39158785,raw_audio,0.55,0.55,128000,True,1.7,1.8,22.52513,128
siren,siren,siren,0.86988795,0.80392253,raw_audio,0.55,0.55,128000,True,1.7,1.8,23.073584,128
siren,siren,siren,0.8690258,0.8169252,raw_audio,0.55,0.55,128000,True,1.7,1.8,25.30008,128
siren,siren,siren,0.8856142,0.8078686,raw_audio,0.55,0.55,128000,True,1.7,1.8,23.866657,128
siren,siren,siren,0.5697543,0.44225407,raw_audio,0.55,0.55,128000,True,1.7,1.8,13.986064,128
drilling,drilling,drilling,0.81864166,0.73992896,raw_audio,0.55,0.55,128000,True,0.9,0.8,22.468607,128
drilling,drilling,drilling,0.786079,0.6834114,raw_audio,0.55,0.55,128000,True,0.9,0.8,23.885834,128
drilling,drilling,drilling,0.86784124,0.8073753,raw_audio,0.55,0.55,128000,True,0.9,0.8,22.674984,128
air_conditioner,engine_idling,air_conditioner,0.20432466,0.016489953,raw_audio,0.55,0.55,128000,True,0.7,0.7,8.833949,128
air_conditioner,air_conditioner,air_conditioner,0.22870551,0.050612196,raw_audio,0.55,0.55,128000,True,0.8,0.7,9.785363,128
air_conditioner,air_conditioner,air_conditioner,0.27539036,0.02238831,raw_audio,0.55,0.55,128000,True,0.8,0.7,9.308577,128
air_conditioner,engine_idling,gun_shot,0.28564674,0.0073304772,raw_audio,0.55,0.55,128000,True,0.7,0.7,9.497599,128
air_conditioner,air_conditioner,air_conditioner,0.31729355,0.018508047,raw_audio,0.55,0.55,128000,True,0.8,0.7,10.1993,128
air_conditioner,engine_idling,air_conditioner,0.29762962,0.036524534,raw_audio,0.55,0.55,128000,True,0.7,0.7,9.8635845,128
air_conditioner,air_conditioner,air_conditioner,0.33842954,0.08278033,raw_audio,0.55,0.55,128000,True,0.8,0.7,9.665928,128
air_conditioner,air_conditioner,air_conditioner,0.35828426,0.11724393,raw_audio,0.55,0.55,128000,True,0.8,0.7,9.883119,128
air_conditioner,air_conditioner,air_conditioner,0.32878998,0.119827345,raw_audio,0.55,0.55,128000,True,0.8,0.7,9.818963,128
air_conditioner,air_conditioner,air_conditioner,0.33745798,0.10869445,raw_audio,0.55,0.55,128000,True,0.8,0.7,9.627595,128
air_conditioner,air_conditioner,air_conditioner,0.3760534,0.13898273,raw_audio,0.55,0.55,128000,True,0.8,0.7,9.64566,128
air_conditioner,air_conditioner,air_conditioner,0.37796336,0.12668571,raw_audio,0.55,0.55,128000,True,0.8,0.7,9.525152,128
air_conditioner,air_conditioner,air_conditioner,0.25576177,0.089432746,raw_audio,0.55,0.55,128000,True,0.8,0.7,9.797016,128
air_conditioner,air_conditioner,air_conditioner,0.34899792,0.09521955,raw_audio,0.55,0.55,128000,True,0.8,0.7,9.766994,128
air_conditioner,air_conditioner,air_conditioner,0.36318317,0.101414084,raw_audio,0.55,0.55,128000,True,0.8,0.7,9.645697,128
air_conditioner,air_conditioner,air_conditioner,0.37832037,0.11608234,raw_audio,0.55,0.55,128000,True,0.8,0.7,9.748381,128
air_conditioner,air_conditioner,air_conditioner,0.32989234,0.046507895,raw_audio,0.55,0.55,128000,True,0.8,0.7,9.910087,128
air_conditioner,engine_idling,air_conditioner,0.28236514,0.08017948,raw_audio,0.55,0.55,128000,True,0.7,0.7,9.120153,128
air_conditioner,air_conditioner,air_conditioner,0.3054994,0.09306063,raw_audio,0.55,0.55,128000,True,0.8,0.7,9.640594,128
air_conditioner,air_conditioner,air_conditioner,0.29635584,0.0817951,raw_audio,0.55,0.55,128000,True,0.8,0.7,9.853234,128
air_conditioner,air_conditioner,air_conditioner,0.25118473,0.0764714,raw_audio,0.55,0.55,128000,True,0.8,0.7,9.578751,128
air_conditioner,children_playing,children_playing,0.27831075,0.078828186,raw_audio,0.55,0.55,128000,True,0.7,0.6,10.01781,128
air_conditioner,air_conditioner,air_conditioner,0.2194126,0.036740437,raw_audio,0.55,0.55,128000,True,0.8,0.7,9.629954,128
air_conditioner,air_conditioner,air_conditioner,0.25208896,0.04587567,raw_audio,0.55,0.55,128000,True,0.8,0.7,9.973988,128
air_conditioner,air_conditioner,air_conditioner,0.29091746,0.075438395,raw_audio,0.55,0.55,128000,True,0.8,0.7,9.927406,128
drilling,gun_shot,children_playing,0.4528533,0.28534016,raw_audio,0.55,0.55,128000,True,1.8,2.0,9.567255,128
drilling,dog_bark,drilling,0.7508256,0.5466995,raw_audio,0.55,0.55,128000,True,1.0,0.9,17.806593,128
drilling,gun_shot,air_conditioner,0.5189839,0.3636924,raw_audio,0.55,0.55,128000,True,1.8,2.0,13.920813,128
drilling,gun_shot,drilling,0.57752556,0.44466633,raw_audio,0.55,0.55,128000,True,1.8,2.0,14.458468,128
gun_shot,dog_bark,gun_shot,0.43155313,0.17779824,raw_audio,0.55,0.55,128000,True,1.0,0.9,14.794196,128
car_horn,gun_shot,car_horn,0.382915,0.1655849,raw_audio,0.55,0.55,128000,True,1.8,2.0,12.498376,128
car_horn,dog_bark,car_horn,0.27916858,0.021266043,raw_audio,0.55,0.55,128000,True,1.0,0.9,13.956654,128
street_music,children_playing,street_music,0.3856755,0.099793196,raw_audio,0.55,0.55,128000,True,0.7,0.6,12.596474,128
street_music,children_playing,street_music,0.34739584,0.13999659,raw_audio,0.55,0.55,128000,True,0.7,0.6,11.932726,128
street_music,air_conditioner,street_music,0.24642457,0.005828336,raw_audio,0.55,0.55,128000,True,0.8,0.7,10.579969,128
street_music,street_music,street_music,0.32404852,0.12284008,raw_audio,0.55,0.55,128000,True,0.6,0.6,11.169533,128
street_music,street_music,street_music,0.30418095,0.07268356,raw_audio,0.55,0.55,128000,True,0.6,0.6,11.344552,128
street_music,air_conditioner,street_music,0.2621098,0.033969805,raw_audio,0.55,0.55,128000,True,0.8,0.7,10.636766,128
street_music,air_conditioner,street_music,0.2750501,0.0880754,raw_audio,0.55,0.55,128000,True,0.8,0.7,10.231368,128
street_music,street_music,street_music,0.5677915,0.47464052,raw_audio,0.55,0.55,128000,True,0.6,0.6,17.57404,128
street_music,street_music,street_music,0.7530361,0.6660706,raw_audio,0.55,0.55,128000,True,0.6,0.6,25.114122,128
street_music,street_music,street_music,0.71146303,0.61808854,raw_audio,0.55,0.55,128000,True,0.6,0.6,22.05743,128
street_music,street_music,street_music,0.5377326,0.44114628,raw_audio,0.55,0.55,128000,True,0.6,0.6,15.421134,128
street_music,street_music,street_music,0.25625545,0.038318083,raw_audio,0.55,0.55,128000,True,0.6,0.6,16.01406,128
street_music,street_music,street_music,0.4691036,0.24346188,raw_audio,0.55,0.55,128000,True,0.6,0.6,17.889301,128
gun_shot,gun_shot,gun_shot,0.876973,0.809657,raw_audio,0.55,0.55,128000,True,1.8,2.0,16.784025,128
gun_shot,gun_shot,gun_shot,0.8759797,0.80825955,raw_audio,0.55,0.55,128000,True,1.8,2.0,17.005705,128
gun_shot,gun_shot,gun_shot,0.86169237,0.790329,raw_audio,0.55,0.55,128000,True,1.8,2.0,15.934906,128
gun_shot,gun_shot,gun_shot,0.87736124,0.80991405,raw_audio,0.55,0.55,128000,True,1.8,2.0,16.845171,128
gun_shot,gun_shot,gun_shot,0.80223626,0.73187786,raw_audio,0.55,0.55,128000,True,1.8,2.0,14.764959,128
gun_shot,gun_shot,gun_shot,0.8019146,0.7336832,raw_audio,0.55,0.55,128000,True,1.8,2.0,14.390896,128
gun_shot,gun_shot,gun_shot,0.7379979,0.64036286,raw_audio,0.55,0.55,128000,True,1.8,2.0,14.452833,128
dog_bark,gun_shot,dog_bark,0.3824295,0.12105274,raw_audio,0.55,0.55,128000,True,1.8,2.0,13.516011,128
dog_bark,gun_shot,dog_bark,0.4753804,0.1637575,raw_audio,0.55,0.55,128000,True,1.8,2.0,14.935616,128
dog_bark,gun_shot,dog_bark,0.30042842,0.0061771274,raw_audio,0.55,0.55,128000,True,1.8,2.0,13.3305235,128
car_horn,gun_shot,car_horn,0.40759927,0.20364635,raw_audio,0.55,0.55,128000,True,1.8,2.0,13.183982,128
car_horn,car_horn,car_horn,0.59721404,0.47765765,raw_audio,0.55,0.55,128000,True,1.1,1.1,12.483954,128
jackhammer,gun_shot,jackhammer,0.41311342,0.2200007,raw_audio,0.55,0.55,128000,True,1.8,2.0,12.324151,128
jackhammer,jackhammer,jackhammer,0.80240285,0.6747509,raw_audio,0.55,0.55,128000,True,1.0,0.9,21.501604,128
jackhammer,jackhammer,jackhammer,0.9634424,0.94539446,raw_audio,0.55,0.55,128000,True,1.0,0.9,27.43724,128
jackhammer,jackhammer,jackhammer,0.8830907,0.80184543,raw_audio,0.55,0.55,128000,True,1.0,0.9,23.6888,128
jackhammer,jackhammer,jackhammer,0.9239661,0.87510073,raw_audio,0.55,0.55,128000,True,1.0,0.9,24.619427,128
jackhammer,jackhammer,jackhammer,0.7820362,0.5978543,raw_audio,0.55,0.55,128000,True,1.0,0.9,23.67835,128
jackhammer,jackhammer,jackhammer,0.69875854,0.45821744,raw_audio,0.55,0.55,128000,True,1.0,0.9,23.30209,128
jackhammer,jackhammer,jackhammer,0.77785754,0.651636,raw_audio,0.55,0.55,128000,True,1.0,0.9,24.207205,128
jackhammer,jackhammer,jackhammer,0.8147009,0.69249374,raw_audio,0.55,0.55,128000,True,1.0,0.9,24.815088,128
jackhammer,jackhammer,jackhammer,0.71559435,0.5088312,raw_audio,0.55,0.55,128000,True,1.0,0.9,22.716173,128
car_horn,car_horn,car_horn,0.87219244,0.8041239,raw_audio,0.55,0.55,128000,True,1.1,1.1,19.82718,128
children_playing,siren,children_playing,0.42787603,0.23725136,raw_audio,0.55,0.55,128000,True,1.7,1.8,17.755327,128
children_playing,dog_bark,children_playing,0.30096817,0.025400877,raw_audio,0.55,0.55,128000,True,1.0,0.9,12.6521015,128
children_playing,children_playing,children_playing,0.36310986,0.13357754,raw_audio,0.55,0.55,128000,True,0.7,0.6,16.59121,128
children_playing,siren,gun_shot,0.43105903,0.22928329,raw_audio,0.55,0.55,128000,True,1.7,1.8,16.95812,128
children_playing,siren,street_music,0.25014094,0.02566354,raw_audio,0.55,0.55,128000,True,1.7,1.8,15.317167,128
children_playing,children_playing,children_playing,0.24103062,0.016242117,raw_audio,0.55,0.55,128000,True,0.7,0.6,12.911418,128
children_playing,children_playing,children_playing,0.33898008,0.10999204,raw_audio,0.55,0.55,128000,True,0.7,0.6,15.327457,128
children_playing,children_playing,children_playing,0.26769978,0.027203336,raw_audio,0.55,0.55,128000,True,0.7,0.6,15.177637,128
car_horn,car_horn,car_horn,0.42009622,0.15833557,raw_audio,0.55,0.55,128000,True,1.1,1.1,10.856967,128
drilling,siren,drilling,0.2999536,0.10054822,raw_audio,0.55,0.55,128000,True,1.7,1.8,11.921652,128
drilling,drilling,drilling,0.24922772,0.027099252,raw_audio,0.55,0.55,128000,True,0.9,0.8,11.5240345,128
drilling,drilling,drilling,0.3033673,0.109113425,raw_audio,0.55,0.55,128000,True,0.9,0.8,13.718042,128
drilling,drilling,drilling,0.3072957,0.09961124,raw_audio,0.55,0.55,128000,True,0.9,0.8,13.207297,128
drilling,drilling,drilling,0.2703397,0.071458474,raw_audio,0.55,0.55,128000,True,0.9,0.8,12.746179,128
drilling,drilling,drilling,0.28881833,0.093676165,raw_audio,0.55,0.55,128000,True,0.9,0.8,13.0758,128
drilling,drilling,drilling,0.38220707,0.19126198,raw_audio,0.55,0.55,128000,True,0.9,0.8,13.033586,128
drilling,drilling,drilling,0.44110867,0.23987056,raw_audio,0.55,0.55,128000,True,0.9,0.8,14.4870825,128
drilling,drilling,drilling,0.46959347,0.27545875,raw_audio,0.55,0.55,128000,True,0.9,0.8,15.515708,128
drilling,drilling,drilling,0.53782386,0.36249256,raw_audio,0.55,0.55,128000,True,0.9,0.8,15.916393,128
drilling,drilling,drilling,0.5611078,0.39966854,raw_audio,0.55,0.55,128000,True,0.9,0.8,15.472051,128
drilling,drilling,drilling,0.5876918,0.4352883,raw_audio,0.55,0.55,128000,True,0.9,0.8,15.410885,128
drilling,drilling,drilling,0.4686446,0.30615115,raw_audio,0.55,0.55,128000,True,0.9,0.8,13.208289,128
drilling,drilling,drilling,0.62639004,0.47773787,raw_audio,0.55,0.55,128000,True,0.9,0.8,15.697199,128
drilling,drilling,drilling,0.6583812,0.52217937,raw_audio,0.55,0.55,128000,True,0.9,0.8,16.101263,128
drilling,drilling,drilling,0.40580186,0.23672792,raw_audio,0.55,0.55,128000,True,0.9,0.8,13.938741,128
drilling,drilling,drilling,0.43762437,0.30039358,raw_audio,0.55,0.55,128000,True,0.9,0.8,13.4166,128
drilling,drilling,drilling,0.45295945,0.32491383,raw_audio,0.55,0.55,128000,True,0.9,0.8,13.642068,128
drilling,drilling,drilling,0.43846047,0.29696074,raw_audio,0.55,0.55,128000,True,0.9,0.8,14.2432,128
drilling,drilling,drilling,0.3664423,0.18805386,raw_audio,0.55,0.55,128000,True,0.9,0.8,14.302808,128
drilling,drilling,drilling,0.35799897,0.17358647,raw_audio,0.55,0.55,128000,True,0.9,0.8,14.567739,128
drilling,drilling,drilling,0.30399808,0.099509284,raw_audio,0.55,0.55,128000,True,0.9,0.8,14.172282,128
drilling,drilling,drilling,0.744336,0.5967714,raw_audio,0.55,0.55,128000,True,0.9,0.8,17.330492,128
drilling,drilling,drilling,0.6432152,0.4135818,raw_audio,0.55,0.55,128000,True,0.9,0.8,27.863768,128
drilling,drilling,drilling,0.9490676,0.92044175,raw_audio,0.55,0.55,128000,True,0.9,0.8,27.238703,128
drilling,drilling,drilling,0.7545911,0.6468793,raw_audio,0.55,0.55,128000,True,0.9,0.8,33.438427,128
drilling,drilling,drilling,0.64315087,0.5051855,raw_audio,0.55,0.55,128000,True,0.9,0.8,17.264856,128
drilling,siren,drilling,0.31656367,0.0087816715,raw_audio,0.55,0.55,128000,True,1.7,1.8,16.330566,128
drilling,dog_bark,drilling,0.3740731,0.15465249,raw_audio,0.55,0.55,128000,True,1.0,0.9,16.011564,128
drilling,dog_bark,drilling,0.32232398,0.0378083,raw_audio,0.55,0.55,128000,True,1.0,0.9,14.836445,128
drilling,drilling,drilling,0.3447735,0.048769414,raw_audio,0.55,0.55,128000,True,0.9,0.8,15.058596,128
drilling,drilling,drilling,0.57348067,0.32659596,raw_audio,0.55,0.55,128000,True,0.9,0.8,14.574518,128
drilling,drilling,drilling,0.69193697,0.5710907,raw_audio,0.55,0.55,128000,True,0.9,0.8,18.157118,128
children_playing,street_music,children_playing,0.38654953,0.17421299,raw_audio,0.55,0.55,128000,True,0.6,0.6,21.04206,128
children_playing,street_music,children_playing,0.4809986,0.26220042,raw_audio,0.55,0.55,128000,True,0.6,0.6,27.946783,128
children_playing,children_playing,children_playing,0.3505962,0.06682286,raw_audio,0.55,0.55,128000,True,0.7,0.6,22.527021,128
children_playing,street_music,drilling,0.33374193,0.13183951,raw_audio,0.55,0.55,128000,True,0.6,0.6,13.010191,128
children_playing,street_music,children_playing,0.23113264,0.005560532,raw_audio,0.55,0.55,128000,True,0.6,0.6,15.252098,128
children_playing,children_playing,children_playing,0.31648484,0.019685686,raw_audio,0.55,0.55,128000,True,0.7,0.6,16.4021,128
children_playing,children_playing,children_playing,0.30423132,0.009387642,raw_audio,0.55,0.55,128000,True,0.7,0.6,15.990015,128
children_playing,siren,children_playing,0.5560053,0.25634605,raw_audio,0.55,0.55,128000,True,1.7,1.8,28.800665,128
drilling,drilling,drilling,0.74787474,0.610289,raw_audio,0.55,0.55,128000,True,0.9,0.8,20.056479,128
drilling,dog_bark,children_playing,0.4189274,0.16286933,raw_audio,0.55,0.55,128000,True,1.0,0.9,22.122852,128
drilling,siren,jackhammer,0.53307337,0.31575328,raw_audio,0.55,0.55,128000,True,1.7,1.8,24.408485,128
drilling,drilling,drilling,0.4277419,0.09689453,raw_audio,0.55,0.55,128000,True,0.9,0.8,24.899494,128
drilling,drilling,drilling,0.4205081,0.10078013,raw_audio,0.55,0.55,128000,True,0.9,0.8,20.447515,128
drilling,drilling,drilling,0.7058832,0.58214736,raw_audio,0.55,0.55,128000,True,0.9,0.8,28.358873,128
children_playing,children_playing,children_playing,0.46990165,0.075211555,raw_audio,0.55,0.55,128000,True,0.7,0.6,23.088308,128
children_playing,children_playing,children_playing,0.6447942,0.43750915,raw_audio,0.55,0.55,128000,True,0.7,0.6,23.528614,128
children_playing,dog_bark,air_conditioner,0.3314296,0.026390404,raw_audio,0.55,0.55,128000,True,1.0,0.9,21.408997,128
children_playing,siren,children_playing,0.49085224,0.20091441,raw_audio,0.55,0.55,128000,True,1.7,1.8,24.8686,128
children_playing,dog_bark,children_playing,0.44113725,0.20462541,raw_audio,0.55,0.55,128000,True,1.0,0.9,23.350075,128
children_playing,siren,children_playing,0.4864788,0.11511952,raw_audio,0.55,0.55,128000,True,1.7,1.8,28.486767,128
children_playing,children_playing,children_playing,0.3314415,0.05708161,raw_audio,0.55,0.55,128000,True,0.7,0.6,20.688093,128
children_playing,siren,children_playing,0.37218165,0.10274422,raw_audio,0.55,0.55,128000,True,1.7,1.8,17.503784,128
jackhammer,gun_shot,car_horn,0.5289098,0.35308367,raw_audio,0.55,0.55,128000,True,1.8,2.0,14.00834,128
jackhammer,gun_shot,car_horn,0.4680644,0.32335925,raw_audio,0.55,0.55,128000,True,1.8,2.0,11.028669,128
jackhammer,jackhammer,jackhammer,0.7920165,0.58980197,raw_audio,0.55,0.55,128000,True,1.0,0.9,37.77596,128
jackhammer,jackhammer,jackhammer,0.8580683,0.72231376,raw_audio,0.55,0.55,128000,True,1.0,0.9,33.581528,128
jackhammer,jackhammer,jackhammer,0.8349845,0.6864265,raw_audio,0.55,0.55,128000,True,1.0,0.9,32.918976,128
jackhammer,jackhammer,jackhammer,0.61562854,0.26327145,raw_audio,0.55,0.55,128000,True,1.0,0.9,30.151815,128
jackhammer,jackhammer,jackhammer,0.74782944,0.50315857,raw_audio,0.55,0.55,128000,True,1.0,0.9,34.56349,128
jackhammer,drilling,jackhammer,0.470074,0.025862843,raw_audio,0.55,0.55,128000,True,0.9,0.8,29.142551,128
jackhammer,gun_shot,jackhammer,0.60719746,0.4647562,raw_audio,0.55,0.55,128000,True,1.8,2.0,14.9844475,128
jackhammer,gun_shot,jackhammer,0.34295708,0.12708566,raw_audio,0.55,0.55,128000,True,1.8,2.0,9.167781,128
jackhammer,gun_shot,jackhammer,0.50519323,0.33841306,raw_audio,0.55,0.55,128000,True,1.8,2.0,13.726395,128
jackhammer,gun_shot,jackhammer,0.35126624,0.1786947,raw_audio,0.55,0.55,128000,True,1.8,2.0,8.791588,128
jackhammer,gun_shot,street_music,0.37506866,0.12089118,raw_audio,0.55,0.55,128000,True,1.8,2.0,12.051292,128
jackhammer,gun_shot,jackhammer,0.41482633,0.24987143,raw_audio,0.55,0.55,128000,True,1.8,2.0,11.651874,128
jackhammer,gun_shot,jackhammer,0.33187693,0.16559343,raw_audio,0.55,0.55,128000,True,1.8,2.0,8.802437,128
jackhammer,gun_shot,jackhammer,0.3911324,0.18666007,raw_audio,0.55,0.55,128000,True,1.8,2.0,13.469316,128
jackhammer,gun_shot,jackhammer,0.41382697,0.25378394,raw_audio,0.55,0.55,128000,True,1.8,2.0,9.803673,128
jackhammer,gun_shot,jackhammer,0.37910116,0.16699998,raw_audio,0.55,0.55,128000,True,1.8,2.0,13.514607,128
air_conditioner,air_conditioner,air_conditioner,0.32582143,0.1464655,raw_audio,0.55,0.55,128000,True,0.8,0.7,10.919731,128
air_conditioner,air_conditioner,air_conditioner,0.30548808,0.13738345,raw_audio,0.55,0.55,128000,True,0.8,0.7,10.450224,128
air_conditioner,air_conditioner,air_conditioner,0.27873084,0.09325476,raw_audio,0.55,0.55,128000,True,0.8,0.7,11.1081505,128
air_conditioner,air_conditioner,air_conditioner,0.27561763,0.08524902,raw_audio,0.55,0.55,128000,True,0.8,0.7,10.7625,128
air_conditioner,air_conditioner,air_conditioner,0.29689243,0.08431658,raw_audio,0.55,0.55,128000,True,0.8,0.7,10.643574,128
air_conditioner,air_conditioner,air_conditioner,0.29580957,0.07322094,raw_audio,0.55,0.55,128000,True,0.8,0.7,10.866651,128
air_conditioner,air_conditioner,air_conditioner,0.39582217,0.11698353,raw_audio,0.55,0.55,128000,True,0.8,0.7,10.22653,128
air_conditioner,air_conditioner,air_conditioner,0.2875624,0.08247022,raw_audio,0.55,0.55,128000,True,0.8,0.7,10.838885,128
air_conditioner,air_conditioner,air_conditioner,0.3365984,0.110122904,raw_audio,0.55,0.55,128000,True,0.8,0.7,10.60187,128
air_conditioner,air_conditioner,air_conditioner,0.44143453,0.20608002,raw_audio,0.55,0.55,128000,True,0.8,0.7,10.097248,128
air_conditioner,air_conditioner,air_conditioner,0.4472697,0.18796268,raw_audio,0.55,0.55,128000,True,0.8,0.7,10.405781,128
air_conditioner,air_conditioner,air_conditioner,0.38484186,0.11874089,raw_audio,0.55,0.55,128000,True,0.8,0.7,10.23838,128
air_conditioner,air_conditioner,air_conditioner,0.44018477,0.19144396,raw_audio,0.55,0.55,128000,True,0.8,0.7,10.02796,128
air_conditioner,air_conditioner,air_conditioner,0.4526002,0.18904606,raw_audio,0.55,0.55,128000,True,0.8,0.7,10.007573,128
air_conditioner,air_conditioner,air_conditioner,0.44720683,0.18709359,raw_audio,0.55,0.55,128000,True,0.8,0.7,10.091954,128
air_conditioner,air_conditioner,air_conditioner,0.44156322,0.19656211,raw_audio,0.55,0.55,128000,True,0.8,0.7,10.212793,128
air_conditioner,air_conditioner,air_conditioner,0.4288911,0.17885935,raw_audio,0.55,0.55,128000,True,0.8,0.7,9.859563,128
air_conditioner,air_conditioner,air_conditioner,0.4403965,0.21736646,raw_audio,0.55,0.55,128000,True,0.8,0.7,9.909659,128
air_conditioner,air_conditioner,air_conditioner,0.35393885,0.1132731,raw_audio,0.55,0.55,128000,True,0.8,0.7,10.541965,128
air_conditioner,air_conditioner,air_conditioner,0.44564286,0.18531471,raw_audio,0.55,0.55,128000,True,0.8,0.7,10.2225485,128
air_conditioner,air_conditioner,air_conditioner,0.4497296,0.20170434,raw_audio,0.55,0.55,128000,True,0.8,0.7,10.165987,128
air_conditioner,air_conditioner,air_conditioner,0.4617764,0.21133712,raw_audio,0.55,0.55,128000,True,0.8,0.7,10.105835,128
air_conditioner,air_conditioner,air_conditioner,0.4376157,0.20088471,raw_audio,0.55,0.55,128000,True,0.8,0.7,9.988759,128
air_conditioner,air_conditioner,air_conditioner,0.36038786,0.10158315,raw_audio,0.55,0.55,128000,True,0.8,0.7,10.415618,128
air_conditioner,air_conditioner,air_conditioner,0.3222198,0.11652401,raw_audio,0.55,0.55,128000,True,0.8,0.7,10.287555,128
air_conditioner,air_conditioner,air_conditioner,0.26222548,0.030572817,raw_audio,0.55,0.55,128000,True,0.8,0.7,11.009474,128
air_conditioner,air_conditioner,air_conditioner,0.4039274,0.11356431,raw_audio,0.55,0.55,128000,True,0.8,0.7,10.214582,128
air_conditioner,air_conditioner,air_conditioner,0.40629944,0.10300553,raw_audio,0.55,0.55,128000,True,0.8,0.7,10.261001,128
air_conditioner,air_conditioner,air_conditioner,0.38271284,0.12269762,raw_audio,0.55,0.55,128000,True,0.8,0.7,10.191337,128
air_conditioner,air_conditioner,air_conditioner,0.36066705,0.102633834,raw_audio,0.55,0.55,128000,True,0.8,0.7,10.544574,128
air_conditioner,air_conditioner,air_conditioner,0.35850683,0.051823914,raw_audio,0.55,0.55,128000,True,0.8,0.7,10.680031,128
air_conditioner,air_conditioner,air_conditioner,0.36840984,0.09980255,raw_audio,0.55,0.55,128000,True,0.8,0.7,10.576006,128
drilling,drilling,drilling,0.8575322,0.7871336,raw_audio,0.55,0.55,128000,True,0.9,0.8,26.653786,128
drilling,drilling,drilling,0.71983504,0.60994107,raw_audio,0.55,0.55,128000,True,0.9,0.8,27.794737,128
children_playing,drilling,children_playing,0.35110617,0.027177274,raw_audio,0.55,0.55,128000,True,0.9,0.8,12.84918,128
children_playing,dog_bark,children_playing,0.8632036,0.7291186,raw_audio,0.55,0.55,128000,True,1.0,0.9,27.754862,128
children_playing,dog_bark,engine_idling,0.8267071,0.687392,raw_audio,0.55,0.55,128000,True,1.0,0.9,18.761997,128
children_playing,dog_bark,children_playing,0.37238988,0.07011306,raw_audio,0.55,0.55,128000,True,1.0,0.9,11.812591,128
children_playing,gun_shot,jackhammer,0.28600237,0.038813323,raw_audio,0.55,0.55,128000,True,1.8,2.0,13.548289,128
dog_bark,dog_bark,dog_bark,0.8054953,0.72621465,raw_audio,0.55,0.55,128000,True,1.0,0.9,18.229387,128
dog_bark,dog_bark,dog_bark,0.8227577,0.77924883,raw_audio,0.55,0.55,128000,True,1.0,0.9,14.407265,128
dog_bark,dog_bark,dog_bark,0.78516024,0.67294186,raw_audio,0.55,0.55,128000,True,1.0,0.9,18.330877,128
dog_bark,dog_bark,dog_bark,0.81954956,0.76045585,raw_audio,0.55,0.55,128000,True,1.0,0.9,15.603471,128
children_playing,siren,children_playing,0.41039866,0.24088404,raw_audio,0.55,0.55,128000,True,1.7,1.8,14.071126,128
children_playing,siren,children_playing,0.5594941,0.3224662,raw_audio,0.55,0.55,128000,True,1.7,1.8,14.80371,128
children_playing,siren,children_playing,0.37135613,0.17419466,raw_audio,0.55,0.55,128000,True,1.7,1.8,13.763266,128
children_playing,children_playing,children_playing,0.24525858,0.05280693,raw_audio,0.55,0.55,128000,True,0.7,0.6,14.252829,128
children_playing,children_playing,children_playing,0.45650852,0.2724861,raw_audio,0.55,0.55,128000,True,0.7,0.6,17.44064,128
children_playing,children_playing,children_playing,0.47630167,0.23852432,raw_audio,0.55,0.55,128000,True,0.7,0.6,24.066463,128
children_playing,siren,car_horn,0.5953456,0.3599188,raw_audio,0.55,0.55,128000,True,1.7,1.8,19.049377,128
children_playing,children_playing,children_playing,0.51319176,0.2725351,raw_audio,0.55,0.55,128000,True,0.7,0.6,22.030844,128
dog_bark,dog_bark,dog_bark,0.9781542,0.9617566,raw_audio,0.55,0.55,128000,True,1.0,0.9,24.368998,128
dog_bark,dog_bark,dog_bark,0.8917622,0.82761204,raw_audio,0.55,0.55,128000,True,1.0,0.9,16.400314,128
dog_bark,dog_bark,dog_bark,0.8940337,0.83104295,raw_audio,0.55,0.55,128000,True,1.0,0.9,16.52956,128
dog_bark,dog_bark,dog_bark,0.85936236,0.7848836,raw_audio,0.55,0.55,128000,True,1.0,0.9,15.895152,128
gun_shot,gun_shot,gun_shot,0.69886917,0.5884475,raw_audio,0.55,0.55,128000,True,1.8,2.0,14.826409,128
gun_shot,gun_shot,gun_shot,0.67961544,0.56402963,raw_audio,0.55,0.55,128000,True,1.8,2.0,14.97529,128
gun_shot,gun_shot,gun_shot,0.57340026,0.39704758,raw_audio,0.55,0.55,128000,True,1.8,2.0,13.906503,128
gun_shot,gun_shot,gun_shot,0.6782868,0.55814207,raw_audio,0.55,0.55,128000,True,1.8,2.0,14.876009,128
gun_shot,gun_shot,gun_shot,0.5949941,0.42526135,raw_audio,0.55,0.55,128000,True,1.8,2.0,14.064817,128
gun_shot,gun_shot,gun_shot,0.66010416,0.52546155,raw_audio,0.55,0.55,128000,True,1.8,2.0,14.73153,128
engine_idling,dog_bark,dog_bark,0.23333988,0.030729517,raw_audio,0.55,0.55,128000,True,1.0,0.9,11.75951,128
engine_idling,dog_bark,engine_idling,0.27572057,0.11658512,raw_audio,0.55,0.55,128000,True,1.0,0.9,12.587426,128
engine_idling,dog_bark,engine_idling,0.25702313,0.1031459,raw_audio,0.55,0.55,128000,True,1.0,0.9,12.93034,128
engine_idling,dog_bark,engine_idling,0.2563831,0.090191945,raw_audio,0.55,0.55,128000,True,1.0,0.9,12.744475,128
engine_idling,dog_bark,air_conditioner,0.23129788,0.05111876,raw_audio,0.55,0.55,128000,True,1.0,0.9,12.668297,128
engine_idling,dog_bark,engine_idling,0.26896268,0.06721383,raw_audio,0.55,0.55,128000,True,1.0,0.9,12.121789,128
engine_idling,street_music,jackhammer,0.34274617,0.14534076,raw_audio,0.55,0.55,128000,True,0.6,0.6,12.02737,128
street_music,street_music,street_music,0.7594454,0.52477753,raw_audio,0.55,0.55,128000,True,0.6,0.6,37.881996,128
street_music,street_music,street_music,0.9384136,0.8927053,raw_audio,0.55,0.55,128000,True,0.6,0.6,30.249441,128
street_music,street_music,street_music,0.8921522,0.788762,raw_audio,0.55,0.55,128000,True,0.6,0.6,44.718662,128
street_music,car_horn,street_music,0.959938,0.9201907,raw_audio,0.55,0.55,128000,True,1.1,1.1,56.04105,128
street_music,street_music,street_music,0.8464233,0.70012003,raw_audio,0.55,0.55,128000,True,0.6,0.6,37.808575,128
street_music,street_music,street_music,0.8607852,0.7837676,raw_audio,0.55,0.55,128000,True,0.6,0.6,24.772835,128
street_music,street_music,street_music,0.75550896,0.5245558,raw_audio,0.55,0.55,128000,True,0.6,0.6,38.118313,128
street_music,street_music,street_music,0.49910027,0.012550741,raw_audio,0.55,0.55,128000,True,0.6,0.6,44.489643,128
street_music,street_music,street_music,0.86436474,0.7328275,raw_audio,0.55,0.55,128000,True,0.6,0.6,42.220787,128
street_music,street_music,street_music,0.7313201,0.46764207,raw_audio,0.55,0.55,128000,True,0.6,0.6,44.94642,128
street_music,car_horn,street_music,0.6398233,0.3930042,raw_audio,0.55,0.55,128000,True,1.1,1.1,27.881062,128
street_music,street_music,street_music,0.82787913,0.6710068,raw_audio,0.55,0.55,128000,True,0.6,0.6,32.230446,128
gun_shot,gun_shot,gun_shot,0.68466866,0.5840256,raw_audio,0.55,0.55,128000,True,1.8,2.0,15.200758,128
dog_bark,drilling,dog_bark,0.3873447,0.12032521,raw_audio,0.55,0.55,128000,True,0.9,0.8,13.397662,128
dog_bark,drilling,dog_bark,0.8947079,0.84128755,raw_audio,0.55,0.55,128000,True,0.9,0.8,19.258589,128
children_playing,street_music,children_playing,0.36870623,0.13228339,raw_audio,0.55,0.55,128000,True,0.6,0.6,19.513544,128
children_playing,street_music,car_horn,0.37884548,0.019222021,raw_audio,0.55,0.55,128000,True,0.6,0.6,25.130016,128
children_playing,street_music,children_playing,0.27094838,0.025151625,raw_audio,0.55,0.55,128000,True,0.6,0.6,16.991777,128
children_playing,street_music,children_playing,0.42299992,0.21755365,raw_audio,0.55,0.55,128000,True,0.6,0.6,15.098748,128
children_playing,street_music,dog_bark,0.41680416,0.1988155,raw_audio,0.55,0.55,128000,True,0.6,0.6,21.294207,128
children_playing,street_music,drilling,0.39054972,0.17296249,raw_audio,0.55,0.55,128000,True,0.6,0.6,23.59091,128
children_playing,street_music,children_playing,0.5208936,0.2878451,raw_audio,0.55,0.55,128000,True,0.6,0.6,19.567398,128
children_playing,street_music,children_playing,0.3126927,0.077368155,raw_audio,0.55,0.55,128000,True,0.6,0.6,22.940866,128
siren,siren,siren,0.97102094,0.96060973,raw_audio,0.55,0.55,128000,True,1.7,1.8,22.099766,128
siren,gun_shot,jackhammer,0.403683,0.16273105,raw_audio,0.55,0.55,128000,True,1.8,2.0,14.03034,128
siren,gun_shot,siren,0.41757092,0.21765156,raw_audio,0.55,0.55,128000,True,1.8,2.0,13.373784,128
siren,gun_shot,street_music,0.4083064,0.23158371,raw_audio,0.55,0.55,128000,True,1.8,2.0,13.731687,128
dog_bark,gun_shot,dog_bark,0.50649625,0.1876775,raw_audio,0.55,0.55,128000,True,1.8,2.0,15.102536,128
dog_bark,dog_bark,dog_bark,0.32976365,0.0057295263,raw_audio,0.55,0.55,128000,True,1.0,0.9,13.74643,128
dog_bark,dog_bark,dog_bark,0.35644436,0.031697333,raw_audio,0.55,0.55,128000,True,1.0,0.9,13.864886,128
dog_bark,dog_bark,dog_bark,0.40268317,0.043165535,raw_audio,0.55,0.55,128000,True,1.0,0.9,14.625424,128
dog_bark,siren,dog_bark,0.32043996,0.04545051,raw_audio,0.55,0.55,128000,True,1.7,1.8,19.240517,128
dog_bark,car_horn,car_horn,0.287777,0.0323323,raw_audio,0.55,0.55,128000,True,1.1,1.1,24.487911,128
dog_bark,street_music,siren,0.28372017,0.037406057,raw_audio,0.55,0.55,128000,True,0.6,0.6,22.15788,128
engine_idling,gun_shot,street_music,0.3464828,0.119552925,raw_audio,0.55,0.55,128000,True,1.8,2.0,13.782553,128
car_horn,car_horn,car_horn,0.5844777,0.42358792,raw_audio,0.55,0.55,128000,True,1.1,1.1,12.96564,128
car_horn,car_horn,car_horn,0.57480395,0.40732086,raw_audio,0.55,0.55,128000,True,1.1,1.1,14.08137,128
gun_shot,gun_shot,gun_shot,0.4286241,0.13609868,raw_audio,0.55,0.55,128000,True,1.8,2.0,14.856848,128
gun_shot,gun_shot,gun_shot,0.42420754,0.11293313,raw_audio,0.55,0.55,128000,True,1.8,2.0,14.90193,128
siren,dog_bark,siren,0.50468904,0.3396948,raw_audio,0.55,0.55,128000,True,1.0,0.9,12.572853,128
dog_bark,gun_shot,dog_bark,0.32490152,0.13151811,raw_audio,0.55,0.55,128000,True,1.8,2.0,13.784281,128
dog_bark,children_playing,children_playing,0.28296787,0.093705624,raw_audio,0.55,0.55,128000,True,0.7,0.6,12.548598,128
dog_bark,gun_shot,dog_bark,0.3649988,0.13374163,raw_audio,0.55,0.55,128000,True,1.8,2.0,13.273002,128
dog_bark,gun_shot,dog_bark,0.35202298,0.114534855,raw_audio,0.55,0.55,128000,True,1.8,2.0,13.180852,128
drilling,drilling,drilling,0.324178,0.026585758,raw_audio,0.55,0.55,128000,True,0.9,0.8,12.229014,128
drilling,gun_shot,drilling,0.38795552,0.12330726,raw_audio,0.55,0.55,128000,True,1.8,2.0,11.273146,128
children_playing,drilling,children_playing,0.43949047,0.25856894,raw_audio,0.55,0.55,128000,True,0.9,0.8,18.235064,128
children_playing,siren,air_conditioner,0.27564105,0.057116896,raw_audio,0.55,0.55,128000,True,1.7,1.8,15.320188,128
children_playing,siren,children_playing,0.5938392,0.42026532,raw_audio,0.55,0.55,128000,True,1.7,1.8,19.312374,128
children_playing,siren,air_conditioner,0.4667636,0.29081166,raw_audio,0.55,0.55,128000,True,1.7,1.8,18.129766,128
children_playing,siren,children_playing,0.2728829,0.042854577,raw_audio,0.55,0.55,128000,True,1.7,1.8,17.961105,128
children_playing,dog_bark,car_horn,0.50894725,0.323537,raw_audio,0.55,0.55,128000,True,1.0,0.9,17.563858,128
children_playing,dog_bark,children_playing,0.47697797,0.2519811,raw_audio,0.55,0.55,128000,True,1.0,0.9,15.809255,128
car_horn,car_horn,car_horn,0.99242777,0.9853087,raw_audio,0.55,0.55,128000,True,1.1,1.1,38.28207,128
car_horn,car_horn,car_horn,0.99483925,0.99066377,raw_audio,0.55,0.55,128000,True,1.1,1.1,36.70975,128
car_horn,car_horn,car_horn,0.9790685,0.95930785,raw_audio,0.55,0.55,128000,True,1.1,1.1,38.54431,128
car_horn,car_horn,car_horn,0.99212646,0.98452276,raw_audio,0.55,0.55,128000,True,1.1,1.1,42.99017,128
car_horn,car_horn,car_horn,0.7933189,0.6589463,raw_audio,0.55,0.55,128000,True,1.1,1.1,24.420652,128
car_horn,car_horn,car_horn,0.87921447,0.7853317,raw_audio,0.55,0.55,128000,True,1.1,1.1,29.182741,128
car_horn,car_horn,car_horn,0.79746735,0.6264174,raw_audio,0.55,0.55,128000,True,1.1,1.1,31.73833,128
car_horn,car_horn,car_horn,0.9554061,0.91857135,raw_audio,0.55,0.55,128000,True,1.1,1.1,39.42617,128
car_horn,car_horn,car_horn,0.91976964,0.8442856,raw_audio,0.55,0.55,128000,True,1.1,1.1,37.573853,128
car_horn,car_horn,car_horn,0.98699224,0.9744667,raw_audio,0.55,0.55,128000,True,1.1,1.1,40.983253,128
car_horn,car_horn,car_horn,0.99379975,0.9878327,raw_audio,0.55,0.55,128000,True,1.1,1.1,43.110504,128
car_horn,car_horn,car_horn,0.99384993,0.98865277,raw_audio,0.55,0.55,128000,True,1.1,1.1,37.774426,128
car_horn,car_horn,car_horn,0.7587138,0.60480654,raw_audio,0.55,0.55,128000,True,1.1,1.1,22.666374,128
car_horn,car_horn,car_horn,0.5552379,0.31159437,raw_audio,0.55,0.55,128000,True,1.1,1.1,19.616194,128
car_horn,dog_bark,children_playing,0.2546045,0.000114798546,raw_audio,0.55,0.55,128000,True,1.0,0.9,12.666217,128
dog_bark,dog_bark,dog_bark,0.97192985,0.9577243,raw_audio,0.55,0.55,128000,True,1.0,0.9,20.841854,128
dog_bark,dog_bark,dog_bark,0.97630185,0.9659144,raw_audio,0.55,0.55,128000,True,1.0,0.9,21.538233,128
dog_bark,dog_bark,dog_bark,0.9545187,0.9317,raw_audio,0.55,0.55,128000,True,1.0,0.9,19.112238,128
dog_bark,dog_bark,dog_bark,0.9460884,0.92011166,raw_audio,0.55,0.55,128000,True,1.0,0.9,18.716217,128
jackhammer,gun_shot,jackhammer,0.32809976,0.13171488,raw_audio,0.55,0.55,128000,True,1.8,2.0,14.014927,128
jackhammer,gun_shot,car_horn,0.6097166,0.47275412,raw_audio,0.55,0.55,128000,True,1.8,2.0,15.085125,128
jackhammer,gun_shot,jackhammer,0.5922598,0.44358984,raw_audio,0.55,0.55,128000,True,1.8,2.0,14.928571,128
jackhammer,gun_shot,siren,0.59660345,0.45610875,raw_audio,0.55,0.55,128000,True,1.8,2.0,12.793981,128
jackhammer,gun_shot,jackhammer,0.35596675,0.14073238,raw_audio,0.55,0.55,128000,True,1.8,2.0,9.44667,128
jackhammer,gun_shot,jackhammer,0.3731269,0.21693303,raw_audio,0.55,0.55,128000,True,1.8,2.0,9.715388,128
jackhammer,children_playing,jackhammer,0.5298612,0.37654883,raw_audio,0.55,0.55,128000,True,0.7,0.6,15.874239,128
dog_bark,engine_idling,dog_bark,0.3213747,0.0038890243,raw_audio,0.55,0.55,128000,True,0.7,0.7,13.348096,128
engine_idling,engine_idling,engine_idling,0.83037865,0.7491147,raw_audio,0.55,0.55,128000,True,0.7,0.7,18.280159,128
engine_idling,engine_idling,engine_idling,0.83999276,0.76315296,raw_audio,0.55,0.55,128000,True,0.7,0.7,18.269161,128
engine_idling,engine_idling,engine_idling,0.8037656,0.6990626,raw_audio,0.55,0.55,128000,True,0.7,0.7,17.486984,128
engine_idling,engine_idling,engine_idling,0.7629022,0.63643765,raw_audio,0.55,0.55,128000,True,0.7,0.7,16.694365,128
engine_idling,engine_idling,engine_idling,0.7462102,0.63023114,raw_audio,0.55,0.55,128000,True,0.7,0.7,15.986992,128
engine_idling,engine_idling,engine_idling,0.7901562,0.69643253,raw_audio,0.55,0.55,128000,True,0.7,0.7,17.769247,128
engine_idling,engine_idling,engine_idling,0.7736386,0.669986,raw_audio,0.55,0.55,128000,True,0.7,0.7,17.513365,128
engine_idling,engine_idling,engine_idling,0.80507255,0.7128362,raw_audio,0.55,0.55,128000,True,0.7,0.7,17.846943,128
engine_idling,engine_idling,engine_idling,0.80224067,0.69931006,raw_audio,0.55,0.55,128000,True,0.7,0.7,17.204262,128
engine_idling,engine_idling,engine_idling,0.75231016,0.6467674,raw_audio,0.55,0.55,128000,True,0.7,0.7,16.260504,128
engine_idling,engine_idling,engine_idling,0.76738244,0.6523664,raw_audio,0.55,0.55,128000,True,0.7,0.7,16.116896,128
engine_idling,engine_idling,engine_idling,0.7906456,0.68544185,raw_audio,0.55,0.55,128000,True,0.7,0.7,16.927881,128
engine_idling,engine_idling,engine_idling,0.80226713,0.70985824,raw_audio,0.55,0.55,128000,True,0.7,0.7,17.401945,128
engine_idling,gun_shot,engine_idling,0.48358423,0.30131894,raw_audio,0.55,0.55,128000,True,1.8,2.0,10.854556,128
dog_bark,siren,air_conditioner,0.31498492,0.102381885,raw_audio,0.55,0.55,128000,True,1.7,1.8,12.162834,128
dog_bark,dog_bark,dog_bark,0.33327234,0.020110339,raw_audio,0.55,0.55,128000,True,1.0,0.9,13.618143,128
dog_bark,siren,dog_bark,0.42168218,0.18578194,raw_audio,0.55,0.55,128000,True,1.7,1.8,13.004604,128
dog_bark,dog_bark,dog_bark,0.90231097,0.8728774,raw_audio,0.55,0.55,128000,True,1.0,0.9,19.899216,128
dog_bark,dog_bark,dog_bark,0.8274167,0.75751144,raw_audio,0.55,0.55,128000,True,1.0,0.9,20.247011,128
dog_bark,dog_bark,dog_bark,0.798236,0.692635,raw_audio,0.55,0.55,128000,True,1.0,0.9,19.053816,128
dog_bark,dog_bark,dog_bark,0.7065849,0.62061787,raw_audio,0.55,0.55,128000,True,1.0,0.9,18.752466,128
car_horn,car_horn,car_horn,0.99966824,0.9994256,raw_audio,0.55,0.55,128000,True,1.1,1.1,41.603832,128
car_horn,car_horn,car_horn,0.99971217,0.9995165,raw_audio,0.55,0.55,128000,True,1.1,1.1,42.907257,128
car_horn,car_horn,car_horn,0.99979407,0.99964744,raw_audio,0.55,0.55,128000,True,1.1,1.1,43.39812,128
dog_bark,dog_bark,dog_bark,0.83082056,0.7805296,raw_audio,0.55,0.55,128000,True,1.0,0.9,15.1365385,128
dog_bark,dog_bark,dog_bark,0.8510023,0.79288965,raw_audio,0.55,0.55,128000,True,1.0,0.9,15.180993,128
dog_bark,dog_bark,dog_bark,0.58626455,0.38619536,raw_audio,0.55,0.55,128000,True,1.0,0.9,13.134074,128
dog_bark,dog_bark,dog_bark,0.69741064,0.5642043,raw_audio,0.55,0.55,128000,True,1.0,0.9,12.904848,128
car_horn,car_horn,car_horn,0.54909873,0.26043707,raw_audio,0.55,0.55,128000,True,1.1,1.1,19.08948,128
car_horn,street_music,siren,0.45189577,0.18426311,raw_audio,0.55,0.55,128000,True,0.6,0.6,18.034224,128
dog_bark,dog_bark,dog_bark,0.98000425,0.9664598,raw_audio,0.55,0.55,128000,True,1.0,0.9,27.50147,128
dog_bark,dog_bark,dog_bark,0.9550552,0.9228333,raw_audio,0.55,0.55,128000,True,1.0,0.9,27.08892,128
dog_bark,dog_bark,dog_bark,0.965684,0.94308805,raw_audio,0.55,0.55,128000,True,1.0,0.9,24.016998,128
gun_shot,gun_shot,gun_shot,0.6788784,0.5628934,raw_audio,0.55,0.55,128000,True,1.8,2.0,15.211536,128
dog_bark,dog_bark,dog_bark,0.88758385,0.8347974,raw_audio,0.55,0.55,128000,True,1.0,0.9,20.535181,128
dog_bark,dog_bark,dog_bark,0.883103,0.8406971,raw_audio,0.55,0.55,128000,True,1.0,0.9,21.643848,128
dog_bark,dog_bark,dog_bark,0.8440583,0.7807781,raw_audio,0.55,0.55,128000,True,1.0,0.9,18.761486,128
dog_bark,dog_bark,dog_bark,0.8312171,0.7854367,raw_audio,0.55,0.55,128000,True,1.0,0.9,17.403982,128
dog_bark,gun_shot,dog_bark,0.47304606,0.2695052,raw_audio,0.55,0.55,128000,True,1.8,2.0,12.723287,128
dog_bark,dog_bark,dog_bark,0.87214047,0.80390143,raw_audio,0.55,0.55,128000,True,1.0,0.9,18.358858,128
dog_bark,dog_bark,dog_bark,0.9055985,0.86090475,raw_audio,0.55,0.55,128000,True,1.0,0.9,17.066177,128
dog_bark,dog_bark,dog_bark,0.7881701,0.6909014,raw_audio,0.55,0.55,128000,True,1.0,0.9,15.965954,128
dog_bark,dog_bark,dog_bark,0.92179984,0.88411057,raw_audio,0.55,0.55,128000,True,1.0,0.9,17.634134,128
dog_bark,dog_bark,dog_bark,0.8657999,0.8068073,raw_audio,0.55,0.55,128000,True,1.0,0.9,17.31859,128
dog_bark,dog_bark,dog_bark,0.9281282,0.88997483,raw_audio,0.55,0.55,128000,True,1.0,0.9,18.07954,128
dog_bark,dog_bark,dog_bark,0.9420511,0.90270364,raw_audio,0.55,0.55,128000,True,1.0,0.9,19.68836,128
air_conditioner,engine_idling,air_conditioner,0.8405257,0.7720934,raw_audio,0.55,0.55,128000,True,0.7,0.7,17.022915,128
air_conditioner,engine_idling,air_conditioner,0.6504437,0.41974074,raw_audio,0.55,0.55,128000,True,0.7,0.7,22.711458,128
air_conditioner,engine_idling,air_conditioner,0.5935002,0.30570033,raw_audio,0.55,0.55,128000,True,0.7,0.7,22.318146,128
air_conditioner,engine_idling,air_conditioner,0.72437453,0.5726508,raw_audio,0.55,0.55,128000,True,0.7,0.7,22.034985,128
air_conditioner,engine_idling,air_conditioner,0.7014456,0.5479079,raw_audio,0.55,0.55,128000,True,0.7,0.7,22.101952,128
air_conditioner,engine_idling,air_conditioner,0.7271694,0.6215308,raw_audio,0.55,0.55,128000,True,0.7,0.7,21.735058,128
air_conditioner,engine_idling,air_conditioner,0.71305215,0.5954299,raw_audio,0.55,0.55,128000,True,0.7,0.7,21.365038,128
air_conditioner,engine_idling,air_conditioner,0.7317508,0.63910264,raw_audio,0.55,0.55,128000,True,0.7,0.7,22.38624,128
air_conditioner,engine_idling,air_conditioner,0.7244218,0.6014925,raw_audio,0.55,0.55,128000,True,0.7,0.7,23.579475,128
air_conditioner,engine_idling,gun_shot,0.718737,0.57359886,raw_audio,0.55,0.55,128000,True,0.7,0.7,23.998507,128
air_conditioner,engine_idling,air_conditioner,0.7899655,0.7095132,raw_audio,0.55,0.55,128000,True,0.7,0.7,18.249014,128
air_conditioner,engine_idling,gun_shot,0.8044445,0.712638,raw_audio,0.55,0.55,128000,True,0.7,0.7,17.648823,128
air_conditioner,engine_idling,street_music,0.833762,0.768346,raw_audio,0.55,0.55,128000,True,0.7,0.7,15.741546,128
air_conditioner,engine_idling,air_conditioner,0.82501197,0.76181376,raw_audio,0.55,0.55,128000,True,0.7,0.7,15.690413,128
air_conditioner,engine_idling,drilling,0.82659185,0.7572157,raw_audio,0.55,0.55,128000,True,0.7,0.7,16.331663,128
air_conditioner,engine_idling,air_conditioner,0.8583587,0.7911511,raw_audio,0.55,0.55,128000,True,0.7,0.7,16.435097,128
air_conditioner,engine_idling,air_conditioner,0.717404,0.5480737,raw_audio,0.55,0.55,128000,True,0.7,0.7,17.124357,128
air_conditioner,siren,air_conditioner,0.97604525,0.96035784,raw_audio,0.55,0.55,128000,True,1.7,1.8,29.39851,128
air_conditioner,engine_idling,siren,0.8293195,0.7641234,raw_audio,0.55,0.55,128000,True,0.7,0.7,15.342336,128
air_conditioner,engine_idling,air_conditioner,0.82463354,0.7506099,raw_audio,0.55,0.55,128000,True,0.7,0.7,19.003328,128
air_conditioner,engine_idling,air_conditioner,0.8013479,0.7151997,raw_audio,0.55,0.55,128000,True,0.7,0.7,17.398428,128
air_conditioner,engine_idling,air_conditioner,0.81829506,0.7439771,raw_audio,0.55,0.55,128000,True,0.7,0.7,17.074255,128
air_conditioner,engine_idling,air_conditioner,0.79989237,0.7239925,raw_audio,0.55,0.55,128000,True,0.7,0.7,17.973701,128
air_conditioner,engine_idling,air_conditioner,0.67156404,0.4630136,raw_audio,0.55,0.55,128000,True,0.7,0.7,19.462757,128
air_conditioner,engine_idling,air_conditioner,0.6096408,0.32618347,raw_audio,0.55,0.55,128000,True,0.7,0.7,21.686802,128
air_conditioner,engine_idling,air_conditioner,0.6104218,0.33346346,raw_audio,0.55,0.55,128000,True,0.7,0.7,22.828386,128
siren,children_playing,siren,0.33275315,0.08913216,raw_audio,0.55,0.55,128000,True,0.7,0.6,12.947022,128
siren,air_conditioner,dog_bark,0.34650695,0.12628764,raw_audio,0.55,0.55,128000,True,0.8,0.7,15.027272,128
siren,children_playing,siren,0.40965346,0.23402214,raw_audio,0.55,0.55,128000,True,0.7,0.6,17.248549,128
siren,children_playing,siren,0.37816706,0.15431927,raw_audio,0.55,0.55,128000,True,0.7,0.6,19.573725,128
siren,street_music,siren,0.40660146,0.20996651,raw_audio,0.55,0.55,128000,True,0.6,0.6,18.096708,128
siren,children_playing,engine_idling,0.28422952,0.017340839,raw_audio,0.55,0.55,128000,True,0.7,0.6,15.994569,128
siren,children_playing,siren,0.3849965,0.059638232,raw_audio,0.55,0.55,128000,True,0.7,0.6,20.091501,128
siren,air_conditioner,siren,0.3301383,0.06964883,raw_audio,0.55,0.55,128000,True,0.8,0.7,20.395647,128
siren,street_music,siren,0.29039675,0.03239432,raw_audio,0.55,0.55,128000,True,0.6,0.6,16.282503,128
siren,children_playing,siren,0.3574321,0.104542434,raw_audio,0.55,0.55,128000,True,0.7,0.6,16.248009,128
siren,children_playing,siren,0.34855512,0.12649009,raw_audio,0.55,0.55,128000,True,0.7,0.6,17.256845,128
siren,air_conditioner,siren,0.37983927,0.10595247,raw_audio,0.55,0.55,128000,True,0.8,0.7,17.244507,128
siren,children_playing,siren,0.35999495,0.0018236339,raw_audio,0.55,0.55,128000,True,0.7,0.6,15.572076,128
siren,air_conditioner,siren,0.2954834,0.07454994,raw_audio,0.55,0.55,128000,True,0.8,0.7,15.61989,128
siren,children_playing,siren,0.36830634,0.052764356,raw_audio,0.55,0.55,128000,True,0.7,0.6,17.321936,128
siren,air_conditioner,siren,0.4830241,0.32432407,raw_audio,0.55,0.55,128000,True,0.8,0.7,21.28456,128
siren,street_music,siren,0.29419005,0.030513436,raw_audio,0.55,0.55,128000,True,0.6,0.6,15.587666,128
siren,street_music,jackhammer,0.29950875,0.021997303,raw_audio,0.55,0.55,128000,True,0.6,0.6,14.724003,128
siren,air_conditioner,street_music,0.41161305,0.1649815,raw_audio,0.55,0.55,128000,True,0.8,0.7,17.48375,128
siren,air_conditioner,siren,0.4326311,0.25582778,raw_audio,0.55,0.55,128000,True,0.8,0.7,18.306753,128
siren,air_conditioner,gun_shot,0.47276697,0.26799256,raw_audio,0.55,0.55,128000,True,0.8,0.7,16.00054,128
siren,children_playing,siren,0.37808126,0.14564069,raw_audio,0.55,0.55,128000,True,0.7,0.6,17.578957,128
siren,children_playing,siren,0.47963467,0.2948994,raw_audio,0.55,0.55,128000,True,0.7,0.6,15.017733,128
siren,children_playing,siren,0.51836187,0.29731888,raw_audio,0.55,0.55,128000,True,0.7,0.6,18.856127,128
siren,street_music,siren,0.33647028,0.120918795,raw_audio,0.55,0.55,128000,True,0.6,0.6,17.41905,128
siren,street_music,siren,0.26863262,0.015343308,raw_audio,0.55,0.55,128000,True,0.6,0.6,15.26312,128
siren,children_playing,siren,0.3489004,0.10846916,raw_audio,0.55,0.55,128000,True,0.7,0.6,16.816057,128
siren,children_playing,siren,0.38326997,0.056394428,raw_audio,0.55,0.55,128000,True,0.7,0.6,19.365149,128
drilling,drilling,drilling,0.6234362,0.54286677,raw_audio,0.55,0.55,128000,True,0.9,0.8,12.823208,128
drilling,drilling,drilling,0.967257,0.95536774,raw_audio,0.55,0.55,128000,True,0.9,0.8,24.139174,128
drilling,drilling,drilling,0.96194935,0.9451303,raw_audio,0.55,0.55,128000,True,0.9,0.8,25.582905,128
drilling,drilling,drilling,0.87020344,0.8217556,raw_audio,0.55,0.55,128000,True,0.9,0.8,22.841522,128
drilling,drilling,drilling,0.6012281,0.35130316,raw_audio,0.55,0.55,128000,True,0.9,0.8,23.700647,128
drilling,drilling,drilling,0.93164647,0.9111456,raw_audio,0.55,0.55,128000,True,0.9,0.8,18.859936,128
drilling,drilling,drilling,0.78712785,0.6914602,raw_audio,0.55,0.55,128000,True,0.9,0.8,15.89272,128
drilling,drilling,drilling,0.8409877,0.78041303,raw_audio,0.55,0.55,128000,True,0.9,0.8,15.752689,128
street_music,street_music,street_music,0.8042957,0.66402715,raw_audio,0.55,0.55,128000,True,0.6,0.6,28.522537,128
street_music,street_music,street_music,0.8339336,0.74834883,raw_audio,0.55,0.55,128000,True,0.6,0.6,22.935349,128
street_music,street_music,street_music,0.66534656,0.49759525,raw_audio,0.55,0.55,128000,True,0.6,0.6,22.760683,128
street_music,street_music,street_music,0.630867,0.54458165,raw_audio,0.55,0.55,128000,True,0.6,0.6,18.761656,128
street_music,street_music,street_music,0.47773254,0.28940862,raw_audio,0.55,0.55,128000,True,0.6,0.6,19.090923,128
street_music,street_music,street_music,0.4978764,0.34597763,raw_audio,0.55,0.55,128000,True,0.6,0.6,19.27056,128
street_music,air_conditioner,street_music,0.2069734,0.02559124,raw_audio,0.55,0.55,128000,True,0.8,0.7,15.0303545,128
dog_bark,siren,dog_bark,0.45295012,0.2050231,raw_audio,0.55,0.55,128000,True,1.7,1.8,21.412247,128
dog_bark,siren,dog_bark,0.3701469,0.035518706,raw_audio,0.55,0.55,128000,True,1.7,1.8,23.759792,128
dog_bark,street_music,dog_bark,0.37720704,0.037682563,raw_audio,0.55,0.55,128000,True,0.6,0.6,26.319572,128
dog_bark,street_music,street_music,0.5456617,0.30132952,raw_audio,0.55,0.55,128000,True,0.6,0.6,19.551815,128
dog_bark,gun_shot,dog_bark,0.47097212,0.1687209,raw_audio,0.55,0.55,128000,True,1.8,2.0,14.907067,128
dog_bark,dog_bark,dog_bark,0.36152846,0.08182347,raw_audio,0.55,0.55,128000,True,1.0,0.9,13.115373,128
dog_bark,dog_bark,dog_bark,0.3758251,0.10526949,raw_audio,0.55,0.55,128000,True,1.0,0.9,13.64326,128
dog_bark,gun_shot,dog_bark,0.32701772,0.011115223,raw_audio,0.55,0.55,128000,True,1.8,2.0,13.442085,128
dog_bark,gun_shot,dog_bark,0.48232046,0.21009189,raw_audio,0.55,0.55,128000,True,1.8,2.0,14.535744,128
dog_bark,gun_shot,dog_bark,0.33377454,0.13901076,raw_audio,0.55,0.55,128000,True,1.8,2.0,11.653107,128
dog_bark,jackhammer,dog_bark,0.3416376,0.031012148,raw_audio,0.55,0.55,128000,True,1.0,0.9,12.278129,128
dog_bark,gun_shot,dog_bark,0.38799188,0.18895301,raw_audio,0.55,0.55,128000,True,1.8,2.0,13.328707,128
dog_bark,dog_bark,dog_bark,0.43056223,0.233174,raw_audio,0.55,0.55,128000,True,1.0,0.9,13.082095,128
dog_bark,dog_bark,dog_bark,0.33312857,0.03117469,raw_audio,0.55,0.55,128000,True,1.0,0.9,12.916768,128
dog_bark,gun_shot,dog_bark,0.3761816,0.062079996,raw_audio,0.55,0.55,128000,True,1.8,2.0,14.139318,128
street_music,dog_bark,street_music,0.406075,0.23983216,raw_audio,0.55,0.55,128000,True,1.0,0.9,10.452416,128
street_music,dog_bark,street_music,0.58001226,0.4673223,raw_audio,0.55,0.55,128000,True,1.0,0.9,14.538593,128
street_music,dog_bark,street_music,0.41503313,0.12208617,raw_audio,0.55,0.55,128000,True,1.0,0.9,14.8503685,128
street_music,dog_bark,street_music,0.7867519,0.7324855,raw_audio,0.55,0.55,128000,True,1.0,0.9,15.422718,128
street_music,dog_bark,street_music,0.62896776,0.51063037,raw_audio,0.55,0.55,128000,True,1.0,0.9,14.674463,128
street_music,dog_bark,street_music,0.47401926,0.3504256,raw_audio,0.55,0.55,128000,True,1.0,0.9,13.032373,128
street_music,street_music,street_music,0.6826051,0.5721,raw_audio,0.55,0.55,128000,True,0.6,0.6,19.748003,128
street_music,street_music,street_music,0.4841788,0.061566263,raw_audio,0.55,0.55,128000,True,0.6,0.6,22.050753,128
street_music,street_music,street_music,0.79988194,0.74793607,raw_audio,0.55,0.55,128000,True,0.6,0.6,19.142776,128
street_music,street_music,street_music,0.73986506,0.6128966,raw_audio,0.55,0.55,128000,True,0.6,0.6,18.650366,128
street_music,street_music,street_music,0.61021197,0.4785239,raw_audio,0.55,0.55,128000,True,0.6,0.6,18.577667,128
street_music,street_music,street_music,0.5386662,0.21681693,raw_audio,0.55,0.55,128000,True,0.6,0.6,20.587198,128
air_conditioner,children_playing,air_conditioner,0.38600436,0.20854983,raw_audio,0.55,0.55,128000,True,0.7,0.6,10.513856,128
air_conditioner,children_playing,air_conditioner,0.3817264,0.21136114,raw_audio,0.55,0.55,128000,True,0.7,0.6,11.249878,128
air_conditioner,children_playing,air_conditioner,0.6162457,0.49128854,raw_audio,0.55,0.55,128000,True,0.7,0.6,15.477079,128
air_conditioner,children_playing,air_conditioner,0.54777724,0.42910054,raw_audio,0.55,0.55,128000,True,0.7,0.6,14.443055,128
air_conditioner,children_playing,air_conditioner,0.5360085,0.38332725,raw_audio,0.55,0.55,128000,True,0.7,0.6,13.604136,128
air_conditioner,children_playing,air_conditioner,0.5230837,0.3517975,raw_audio,0.55,0.55,128000,True,0.7,0.6,13.304822,128
air_conditioner,children_playing,air_conditioner,0.42289722,0.19499293,raw_audio,0.55,0.55,128000,True,0.7,0.6,12.1267395,128
air_conditioner,children_playing,engine_idling,0.51009,0.35069972,raw_audio,0.55,0.55,128000,True,0.7,0.6,12.946958,128
air_conditioner,children_playing,air_conditioner,0.5452993,0.36935228,raw_audio,0.55,0.55,128000,True,0.7,0.6,13.974103,128
air_conditioner,children_playing,air_conditioner,0.5525656,0.40946445,raw_audio,0.55,0.55,128000,True,0.7,0.6,13.616477,128
air_conditioner,children_playing,air_conditioner,0.4141724,0.17694123,raw_audio,0.55,0.55,128000,True,0.7,0.6,13.767185,128
air_conditioner,children_playing,air_conditioner,0.4727747,0.2917884,raw_audio,0.55,0.55,128000,True,0.7,0.6,13.583334,128
air_conditioner,children_playing,siren,0.56249034,0.41826734,raw_audio,0.55,0.55,128000,True,0.7,0.6,13.783441,128
air_conditioner,children_playing,air_conditioner,0.55831504,0.4047914,raw_audio,0.55,0.55,128000,True,0.7,0.6,14.280302,128
street_music,street_music,street_music,0.54464936,0.41855863,raw_audio,0.55,0.55,128000,True,0.6,0.6,18.697107,128
street_music,street_music,street_music,0.61291945,0.5059603,raw_audio,0.55,0.55,128000,True,0.6,0.6,17.82526,128
street_music,street_music,street_music,0.60528266,0.47685218,raw_audio,0.55,0.55,128000,True,0.6,0.6,16.201292,128
street_music,street_music,street_music,0.6438156,0.54073066,raw_audio,0.55,0.55,128000,True,0.6,0.6,17.267998,128
street_music,street_music,street_music,0.54974973,0.39367223,raw_audio,0.55,0.55,128000,True,0.6,0.6,14.489454,128
street_music,street_music,street_music,0.57672584,0.41014707,raw_audio,0.55,0.55,128000,True,0.6,0.6,15.961652,128
dog_bark,children_playing,dog_bark,0.3345631,0.08810952,raw_audio,0.55,0.55,128000,True,0.7,0.6,23.720934,128
dog_bark,children_playing,dog_bark,0.460875,0.17259878,raw_audio,0.55,0.55,128000,True,0.7,0.6,27.108492,128
dog_bark,children_playing,dog_bark,0.353075,0.06999686,raw_audio,0.55,0.55,128000,True,0.7,0.6,24.266077,128
dog_bark,dog_bark,dog_bark,0.40071768,0.15232347,raw_audio,0.55,0.55,128000,True,1.0,0.9,21.896442,128
dog_bark,dog_bark,dog_bark,0.53238505,0.36926758,raw_audio,0.55,0.55,128000,True,1.0,0.9,15.8674965,128
siren,siren,siren,0.9199299,0.89318424,raw_audio,0.55,0.55,128000,True,1.7,1.8,18.630407,128
siren,siren,siren,0.88806593,0.8500357,raw_audio,0.55,0.55,128000,True,1.7,1.8,17.18427,128
siren,dog_bark,children_playing,0.3469266,0.023501068,raw_audio,0.55,0.55,128000,True,1.0,0.9,14.582905,128
siren,dog_bark,siren,0.5285051,0.36062443,raw_audio,0.55,0.55,128000,True,1.0,0.9,14.17046,128
siren,dog_bark,siren,0.4880611,0.3162046,raw_audio,0.55,0.55,128000,True,1.0,0.9,13.4456215,128
siren,dog_bark,street_music,0.31212968,0.029263407,raw_audio,0.55,0.55,128000,True,1.0,0.9,11.913456,128
siren,siren,siren,0.5464021,0.35252303,raw_audio,0.55,0.55,128000,True,1.7,1.8,14.611283,128
siren,siren,siren,0.43053037,0.19127569,raw_audio,0.55,0.55,128000,True,1.7,1.8,12.238435,128
siren,siren,siren,0.8322053,0.72863513,raw_audio,0.55,0.55,128000,True,1.7,1.8,17.365803,128
siren,siren,siren,0.8531675,0.7253832,raw_audio,0.55,0.55,128000,True,1.7,1.8,22.795244,128
siren,siren,siren,0.89155585,0.7954371,raw_audio,0.55,0.55,128000,True,1.7,1.8,24.123684,128
siren,siren,siren,0.7995145,0.63915265,raw_audio,0.55,0.55,128000,True,1.7,1.8,20.903193,128
siren,siren,siren,0.6895386,0.4149939,raw_audio,0.55,0.55,128000,True,1.7,1.8,20.98658,128
siren,siren,siren,0.66857445,0.35537302,raw_audio,0.55,0.55,128000,True,1.7,1.8,23.684734,128
siren,siren,siren,0.67655456,0.36308384,raw_audio,0.55,0.55,128000,True,1.7,1.8,26.3797,128
siren,siren,siren,0.63482535,0.29956317,raw_audio,0.55,0.55,128000,True,1.7,1.8,23.398682,128
siren,siren,siren,0.9415168,0.91584647,raw_audio,0.55,0.55,128000,True,1.7,1.8,29.25749,128
siren,siren,siren,0.7375316,0.5803745,raw_audio,0.55,0.55,128000,True,1.7,1.8,24.037077,128
siren,siren,siren,0.5224632,0.3295537,raw_audio,0.55,0.55,128000,True,1.7,1.8,12.2243595,128
siren,siren,siren,0.541595,0.30064243,raw_audio,0.55,0.55,128000,True,1.7,1.8,12.350698,128
siren,siren,siren,0.69023377,0.55565834,raw_audio,0.55,0.55,128000,True,1.7,1.8,12.783618,128
siren,siren,siren,0.801055,0.7266635,raw_audio,0.55,0.55,128000,True,1.7,1.8,14.372077,128
siren,siren,siren,0.8920778,0.84528536,raw_audio,0.55,0.55,128000,True,1.7,1.8,16.924015,128
siren,siren,siren,0.83870286,0.74452806,raw_audio,0.55,0.55,128000,True,1.7,1.8,16.656588,128
siren,siren,siren,0.82937163,0.73952556,raw_audio,0.55,0.55,128000,True,1.7,1.8,16.598173,128
siren,siren,siren,0.81436884,0.7150591,raw_audio,0.55,0.55,128000,True,1.7,1.8,16.716728,128
dog_bark,gun_shot,dog_bark,0.47612783,0.28784007,raw_audio,0.55,0.55,128000,True,1.8,2.0,14.470876,128
drilling,jackhammer,drilling,0.53397465,0.19632313,raw_audio,0.55,0.55,128000,True,1.0,0.9,22.459019,128
drilling,drilling,drilling,0.47092587,0.2425891,raw_audio,0.55,0.55,128000,True,0.9,0.8,19.927536,128
drilling,drilling,drilling,0.46898642,0.31759408,raw_audio,0.55,0.55,128000,True,0.9,0.8,18.338371,128
drilling,engine_idling,drilling,0.31417277,0.074940294,raw_audio,0.55,0.55,128000,True,0.7,0.7,16.191633,128
drilling,dog_bark,drilling,0.31506017,0.043867886,raw_audio,0.55,0.55,128000,True,1.0,0.9,12.236838,128
drilling,drilling,drilling,0.3163696,0.17341904,raw_audio,0.55,0.55,128000,True,0.9,0.8,12.27311,128
drilling,jackhammer,air_conditioner,0.40744093,0.010517061,raw_audio,0.55,0.55,128000,True,1.0,0.9,19.665192,128
drilling,drilling,drilling,0.74816805,0.6263852,raw_audio,0.55,0.55,128000,True,0.9,0.8,21.143589,128
drilling,drilling,drilling,0.73533106,0.6055973,raw_audio,0.55,0.55,128000,True,0.9,0.8,24.100626,128
drilling,drilling,drilling,0.8959772,0.8169039,raw_audio,0.55,0.55,128000,True,0.9,0.8,33.01034,128
drilling,drilling,drilling,0.7233697,0.4723837,raw_audio,0.55,0.55,128000,True,0.9,0.8,28.351444,128
drilling,drilling,drilling,0.39073905,0.17580983,raw_audio,0.55,0.55,128000,True,0.9,0.8,16.594795,128
drilling,drilling,drilling,0.8334989,0.67217666,raw_audio,0.55,0.55,128000,True,0.9,0.8,34.90238,128
drilling,drilling,drilling,0.3434796,0.097912,raw_audio,0.55,0.55,128000,True,0.9,0.8,18.07652,128
drilling,drilling,drilling,0.24645562,0.033609316,raw_audio,0.55,0.55,128000,True,0.9,0.8,15.531689,128
drilling,drilling,drilling,0.8714103,0.7930575,raw_audio,0.55,0.55,128000,True,0.9,0.8,24.975279,128
drilling,drilling,drilling,0.6234446,0.4622172,raw_audio,0.55,0.55,128000,True,0.9,0.8,18.250435,128
drilling,drilling,drilling,0.5400102,0.37027383,raw_audio,0.55,0.55,128000,True,0.9,0.8,16.45375,128
drilling,engine_idling,engine_idling,0.3906332,0.092905164,raw_audio,0.55,0.55,128000,True,0.7,0.7,15.790269,128
drilling,drilling,drilling,0.60763544,0.4640345,raw_audio,0.55,0.55,128000,True,0.9,0.8,19.120226,128
drilling,drilling,drilling,0.872736,0.78780544,raw_audio,0.55,0.55,128000,True,0.9,0.8,30.858328,128
drilling,drilling,drilling,0.8139486,0.64827424,raw_audio,0.55,0.55,128000,True,0.9,0.8,34.394848,128
drilling,drilling,drilling,0.56131345,0.43042508,raw_audio,0.55,0.55,128000,True,0.9,0.8,18.826132,128
drilling,drilling,drilling,0.32046676,0.065744996,raw_audio,0.55,0.55,128000,True,0.9,0.8,16.268084,128
drilling,drilling,drilling,0.36656103,0.13236946,raw_audio,0.55,0.55,128000,True,0.9,0.8,17.178257,128
drilling,drilling,drilling,0.3211223,0.056120545,raw_audio,0.55,0.55,128000,True,0.9,0.8,14.789182,128
drilling,drilling,drilling,0.5101842,0.341586,raw_audio,0.55,0.55,128000,True,0.9,0.8,15.544278,128
