true_label,edge_pred,final_pred,confidence,route,threshold_used,transmitted_bytes,used_cloud,embedding_l2,embedding_dim
car_horn,gun_shot,gun_shot,0.3361419,alert_only,0.55,64,False,13.193479,128
car_horn,gun_shot,gun_shot,0.43538553,alert_only,0.55,64,False,13.876112,128
car_horn,gun_shot,gun_shot,0.29923433,alert_only,0.55,64,False,13.2621155,128
car_horn,gun_shot,gun_shot,0.44500223,alert_only,0.55,64,False,13.630257,128
car_horn,gun_shot,gun_shot,0.28734297,alert_only,0.55,64,False,11.622952,128
dog_bark,dog_bark,dog_bark,0.735079,alert_only,0.55,64,False,19.061266,128
dog_bark,dog_bark,dog_bark,0.8682604,alert_only,0.55,64,False,21.502472,128
dog_bark,dog_bark,dog_bark,0.81013376,alert_only,0.55,64,False,19.9473,128
dog_bark,dog_bark,dog_bark,0.8588279,alert_only,0.55,64,False,21.354979,128
children_playing,street_music,street_music,0.34748828,alert_only,0.55,64,False,27.122318,128
children_playing,dog_bark,dog_bark,0.35120615,alert_only,0.55,64,False,28.073727,128
children_playing,dog_bark,dog_bark,0.87120634,alert_only,0.55,64,False,22.33274,128
children_playing,dog_bark,dog_bark,0.4853779,alert_only,0.55,64,False,23.013363,128
children_playing,children_playing,children_playing,0.59640527,alert_only,0.55,64,False,25.490286,128
children_playing,street_music,street_music,0.30350184,alert_only,0.55,64,False,27.555077,128
children_playing,dog_bark,dog_bark,0.3502011,alert_only,0.55,64,False,25.524652,128
children_playing,dog_bark,dog_bark,0.5935004,alert_only,0.55,64,False,17.709051,128
dog_bark,gun_shot,gun_shot,0.32091987,alert_only,0.55,64,False,13.567775,128
dog_bark,gun_shot,gun_shot,0.34896505,alert_only,0.55,64,False,13.651788,128
engine_idling,engine_idling,engine_idling,0.4367124,alert_only,0.55,64,False,13.679833,128
engine_idling,engine_idling,engine_idling,0.44481057,alert_only,0.55,64,False,13.489666,128
engine_idling,engine_idling,engine_idling,0.40001923,alert_only,0.55,64,False,14.221682,128
engine_idling,engine_idling,engine_idling,0.4089208,alert_only,0.55,64,False,13.555953,128
engine_idling,engine_idling,engine_idling,0.41219258,alert_only,0.55,64,False,13.217756,128
engine_idling,engine_idling,engine_idling,0.3924501,alert_only,0.55,64,False,13.190985,128
engine_idling,engine_idling,engine_idling,0.35336876,alert_only,0.55,64,False,12.530658,128
engine_idling,engine_idling,engine_idling,0.3758151,alert_only,0.55,64,False,12.872993,128
engine_idling,engine_idling,engine_idling,0.40956807,alert_only,0.55,64,False,12.955608,128
engine_idling,engine_idling,engine_idling,0.43555358,alert_only,0.55,64,False,13.2432995,128
engine_idling,engine_idling,engine_idling,0.39006612,alert_only,0.55,64,False,13.451597,128
engine_idling,engine_idling,engine_idling,0.38365695,alert_only,0.55,64,False,13.24296,128
engine_idling,engine_idling,engine_idling,0.43851158,alert_only,0.55,64,False,13.860244,128
engine_idling,engine_idling,engine_idling,0.40042502,alert_only,0.55,64,False,13.634527,128
engine_idling,engine_idling,engine_idling,0.3951496,alert_only,0.55,64,False,13.689313,128
engine_idling,engine_idling,engine_idling,0.39303583,alert_only,0.55,64,False,13.702022,128
engine_idling,engine_idling,engine_idling,0.40187454,alert_only,0.55,64,False,13.00897,128
engine_idling,engine_idling,engine_idling,0.39685115,alert_only,0.55,64,False,12.633475,128
engine_idling,engine_idling,engine_idling,0.4014132,alert_only,0.55,64,False,13.519927,128
engine_idling,engine_idling,engine_idling,0.39510933,alert_only,0.55,64,False,13.807223,128
engine_idling,engine_idling,engine_idling,0.41556242,alert_only,0.55,64,False,13.574155,128
engine_idling,engine_idling,engine_idling,0.39629203,alert_only,0.55,64,False,13.007531,128
engine_idling,engine_idling,engine_idling,0.3569624,alert_only,0.55,64,False,12.641318,128
engine_idling,engine_idling,engine_idling,0.44072726,alert_only,0.55,64,False,13.843731,128
engine_idling,engine_idling,engine_idling,0.40539902,alert_only,0.55,64,False,13.276642,128
engine_idling,engine_idling,engine_idling,0.44818136,alert_only,0.55,64,False,13.890219,128
engine_idling,engine_idling,engine_idling,0.43863228,alert_only,0.55,64,False,13.712822,128
engine_idling,engine_idling,engine_idling,0.40213013,alert_only,0.55,64,False,13.781341,128
engine_idling,engine_idling,engine_idling,0.41208804,alert_only,0.55,64,False,14.006181,128
engine_idling,engine_idling,engine_idling,0.4158154,alert_only,0.55,64,False,13.775722,128
engine_idling,engine_idling,engine_idling,0.41827062,alert_only,0.55,64,False,13.813383,128
engine_idling,jackhammer,jackhammer,0.26322535,alert_only,0.55,64,False,13.235547,128
engine_idling,siren,siren,0.42249858,alert_only,0.55,64,False,13.249034,128
engine_idling,siren,siren,0.32665563,alert_only,0.55,64,False,13.97427,128
engine_idling,engine_idling,engine_idling,0.86456645,alert_only,0.55,64,False,22.197369,128
engine_idling,engine_idling,engine_idling,0.8275186,alert_only,0.55,64,False,21.835394,128
engine_idling,engine_idling,engine_idling,0.8147507,alert_only,0.55,64,False,21.392773,128
engine_idling,engine_idling,engine_idling,0.805874,alert_only,0.55,64,False,21.40174,128
engine_idling,engine_idling,engine_idling,0.79910964,alert_only,0.55,64,False,20.639444,128
street_music,street_music,street_music,0.49583423,alert_only,0.55,64,False,32.955387,128
street_music,street_music,street_music,0.3895907,alert_only,0.55,64,False,17.696215,128
street_music,street_music,street_music,0.55754554,alert_only,0.55,64,False,29.03057,128
street_music,street_music,street_music,0.39154935,alert_only,0.55,64,False,21.16035,128
street_music,street_music,street_music,0.4589249,alert_only,0.55,64,False,21.996775,128
street_music,siren,siren,0.43004754,alert_only,0.55,64,False,34.99823,128
street_music,car_horn,car_horn,0.47698992,alert_only,0.55,64,False,40.563038,128
street_music,street_music,street_music,0.45943934,alert_only,0.55,64,False,26.296694,128
street_music,siren,siren,0.44204223,alert_only,0.55,64,False,19.146687,128
street_music,street_music,street_music,0.37437508,alert_only,0.55,64,False,22.303562,128
street_music,street_music,street_music,0.34748307,alert_only,0.55,64,False,19.34062,128
street_music,siren,siren,0.43367255,alert_only,0.55,64,False,28.151907,128
street_music,street_music,street_music,0.36541817,alert_only,0.55,64,False,19.511196,128
dog_bark,dog_bark,dog_bark,0.36840227,alert_only,0.55,64,False,17.413029,128
dog_bark,dog_bark,dog_bark,0.3147821,alert_only,0.55,64,False,14.433135,128
street_music,street_music,street_music,0.70026636,alert_only,0.55,64,False,22.750778,128
street_music,street_music,street_music,0.69366676,alert_only,0.55,64,False,18.783588,128
street_music,street_music,street_music,0.4704378,alert_only,0.55,64,False,15.849644,128
street_music,street_music,street_music,0.3827572,alert_only,0.55,64,False,13.140874,128
street_music,street_music,street_music,0.32915008,alert_only,0.55,64,False,12.670326,128
street_music,street_music,street_music,0.3732414,alert_only,0.55,64,False,13.519211,128
drilling,siren,siren,0.3926848,alert_only,0.55,64,False,11.397702,128
drilling,siren,siren,0.5068594,alert_only,0.55,64,False,12.138654,128
drilling,siren,siren,0.49832726,alert_only,0.55,64,False,10.7740345,128
drilling,siren,siren,0.48704907,alert_only,0.55,64,False,10.90712,128
drilling,siren,siren,0.5016553,alert_only,0.55,64,False,10.105581,128
drilling,siren,siren,0.38685775,alert_only,0.55,64,False,9.783606,128
drilling,siren,siren,0.60516757,alert_only,0.55,64,False,13.238099,128
drilling,siren,siren,0.506218,alert_only,0.55,64,False,12.641999,128
drilling,siren,siren,0.44970012,alert_only,0.55,64,False,12.591574,128
drilling,siren,siren,0.36522642,alert_only,0.55,64,False,12.083565,128
drilling,siren,siren,0.3719081,alert_only,0.55,64,False,10.893281,128
drilling,siren,siren,0.3648818,alert_only,0.55,64,False,11.0119705,128
drilling,siren,siren,0.41588902,alert_only,0.55,64,False,12.074922,128
drilling,siren,siren,0.43001205,alert_only,0.55,64,False,11.617458,128
engine_idling,engine_idling,engine_idling,0.56144655,alert_only,0.55,64,False,13.348602,128
engine_idling,engine_idling,engine_idling,0.6107044,alert_only,0.55,64,False,14.270182,128
engine_idling,engine_idling,engine_idling,0.6836265,alert_only,0.55,64,False,14.556695,128
engine_idling,engine_idling,engine_idling,0.7687353,alert_only,0.55,64,False,15.184204,128
engine_idling,engine_idling,engine_idling,0.7832979,alert_only,0.55,64,False,15.142931,128
engine_idling,engine_idling,engine_idling,0.771171,alert_only,0.55,64,False,14.782726,128
engine_idling,engine_idling,engine_idling,0.8462739,alert_only,0.55,64,False,19.024858,128
engine_idling,engine_idling,engine_idling,0.7645418,alert_only,0.55,64,False,17.1322,128
engine_idling,engine_idling,engine_idling,0.73658544,alert_only,0.55,64,False,16.196564,128
engine_idling,engine_idling,engine_idling,0.68017596,alert_only,0.55,64,False,16.016207,128
air_conditioner,engine_idling,engine_idling,0.3458106,alert_only,0.55,64,False,12.219465,128
air_conditioner,engine_idling,engine_idling,0.2813819,alert_only,0.55,64,False,12.102395,128
air_conditioner,engine_idling,engine_idling,0.35418123,alert_only,0.55,64,False,12.29945,128
dog_bark,dog_bark,dog_bark,0.7816324,alert_only,0.55,64,False,24.29716,128
dog_bark,dog_bark,dog_bark,0.8595909,alert_only,0.55,64,False,24.66073,128
dog_bark,dog_bark,dog_bark,0.74492407,alert_only,0.55,64,False,23.860481,128
dog_bark,dog_bark,dog_bark,0.9696581,alert_only,0.55,64,False,26.54539,128
dog_bark,dog_bark,dog_bark,0.9176835,alert_only,0.55,64,False,22.337288,128
dog_bark,dog_bark,dog_bark,0.5324199,alert_only,0.55,64,False,19.023523,128
dog_bark,dog_bark,dog_bark,0.7176745,alert_only,0.55,64,False,18.31514,128
dog_bark,dog_bark,dog_bark,0.7200853,alert_only,0.55,64,False,19.635277,128
children_playing,dog_bark,dog_bark,0.5984437,alert_only,0.55,64,False,12.301724,128
children_playing,dog_bark,dog_bark,0.7373958,alert_only,0.55,64,False,13.640899,128
children_playing,dog_bark,dog_bark,0.8299618,alert_only,0.55,64,False,15.308587,128
children_playing,dog_bark,dog_bark,0.725044,alert_only,0.55,64,False,12.923189,128
children_playing,dog_bark,dog_bark,0.6518023,alert_only,0.55,64,False,11.975889,128
children_playing,dog_bark,dog_bark,0.60849804,alert_only,0.55,64,False,11.734617,128
children_playing,dog_bark,dog_bark,0.7155914,alert_only,0.55,64,False,13.127516,128
children_playing,dog_bark,dog_bark,0.7138075,alert_only,0.55,64,False,13.31478,128
street_music,children_playing,children_playing,0.5311438,alert_only,0.55,64,False,23.27799,128
street_music,children_playing,children_playing,0.56299365,alert_only,0.55,64,False,17.032587,128
street_music,street_music,street_music,0.47795433,alert_only,0.55,64,False,32.282818,128
street_music,street_music,street_music,0.7179261,alert_only,0.55,64,False,24.976149,128
street_music,street_music,street_music,0.3896334,alert_only,0.55,64,False,21.149992,128
street_music,street_music,street_music,0.47469383,alert_only,0.55,64,False,17.318995,128
street_music,street_music,street_music,0.74355716,alert_only,0.55,64,False,23.575806,128
street_music,street_music,street_music,0.5853549,alert_only,0.55,64,False,18.173529,128
street_music,siren,siren,0.24817072,alert_only,0.55,64,False,11.513267,128
street_music,street_music,street_music,0.3176226,alert_only,0.55,64,False,10.304752,128
street_music,street_music,street_music,0.5903491,alert_only,0.55,64,False,13.015359,128
street_music,street_music,street_music,0.5244291,alert_only,0.55,64,False,14.043038,128
engine_idling,gun_shot,gun_shot,0.2953696,alert_only,0.55,64,False,11.95854,128
engine_idling,gun_shot,gun_shot,0.30710393,alert_only,0.55,64,False,10.654392,128
dog_bark,dog_bark,dog_bark,0.5930119,alert_only,0.55,64,False,15.911914,128
dog_bark,drilling,drilling,0.57598686,alert_only,0.55,64,False,15.707588,128
dog_bark,drilling,drilling,0.45261836,alert_only,0.55,64,False,15.328305,128
dog_bark,gun_shot,gun_shot,0.46819648,alert_only,0.55,64,False,11.754407,128
dog_bark,dog_bark,dog_bark,0.21663211,alert_only,0.55,64,False,11.004928,128
children_playing,dog_bark,dog_bark,0.7752447,alert_only,0.55,64,False,15.680601,128
children_playing,dog_bark,dog_bark,0.71202075,alert_only,0.55,64,False,16.144182,128
children_playing,dog_bark,dog_bark,0.67159426,alert_only,0.55,64,False,14.362594,128
children_playing,siren,siren,0.43415838,alert_only,0.55,64,False,19.159128,128
children_playing,siren,siren,0.4345087,alert_only,0.55,64,False,12.866534,128
children_playing,siren,siren,0.23349257,alert_only,0.55,64,False,11.418764,128
children_playing,dog_bark,dog_bark,0.17783032,alert_only,0.55,64,False,12.103121,128
children_playing,children_playing,children_playing,0.3556197,alert_only,0.55,64,False,17.610647,128
drilling,drilling,drilling,0.9453218,alert_only,0.55,64,False,27.584856,128
street_music,children_playing,children_playing,0.4823043,alert_only,0.55,64,False,13.522922,128
street_music,children_playing,children_playing,0.49111348,alert_only,0.55,64,False,19.558418,128
street_music,children_playing,children_playing,0.4056433,alert_only,0.55,64,False,14.331079,128
street_music,street_music,street_music,0.40683463,alert_only,0.55,64,False,18.8761,128
street_music,children_playing,children_playing,0.46354276,alert_only,0.55,64,False,16.509537,128
street_music,children_playing,children_playing,0.52760905,alert_only,0.55,64,False,19.29369,128
street_music,street_music,street_music,0.7025279,alert_only,0.55,64,False,21.653337,128
street_music,car_horn,car_horn,0.8795014,alert_only,0.55,64,False,30.411837,128
street_music,street_music,street_music,0.8074899,alert_only,0.55,64,False,28.663828,128
street_music,street_music,street_music,0.7542574,alert_only,0.55,64,False,21.22101,128
street_music,car_horn,car_horn,0.62818533,alert_only,0.55,64,False,31.737469,128
street_music,street_music,street_music,0.76531154,alert_only,0.55,64,False,26.20677,128
children_playing,dog_bark,dog_bark,0.39103165,alert_only,0.55,64,False,14.176014,128
children_playing,children_playing,children_playing,0.30744228,alert_only,0.55,64,False,11.606136,128
children_playing,street_music,street_music,0.28287852,alert_only,0.55,64,False,11.435165,128
children_playing,children_playing,children_playing,0.2264188,alert_only,0.55,64,False,10.452563,128
children_playing,children_playing,children_playing,0.33627573,alert_only,0.55,64,False,12.733212,128
children_playing,dog_bark,dog_bark,0.36947203,alert_only,0.55,64,False,11.417528,128
children_playing,dog_bark,dog_bark,0.29834163,alert_only,0.55,64,False,12.04884,128
children_playing,dog_bark,dog_bark,0.34977353,alert_only,0.55,64,False,10.666749,128
children_playing,street_music,street_music,0.25905445,alert_only,0.55,64,False,11.678953,128
children_playing,children_playing,children_playing,0.34781656,alert_only,0.55,64,False,13.021432,128
children_playing,children_playing,children_playing,0.24067512,alert_only,0.55,64,False,11.600986,128
children_playing,air_conditioner,air_conditioner,0.30860397,alert_only,0.55,64,False,10.735756,128
children_playing,children_playing,children_playing,0.27674285,alert_only,0.55,64,False,12.147677,128
children_playing,car_horn,car_horn,0.28407612,alert_only,0.55,64,False,17.196869,128
children_playing,children_playing,children_playing,0.23270188,alert_only,0.55,64,False,10.502102,128
children_playing,children_playing,children_playing,0.3154327,alert_only,0.55,64,False,10.165603,128
dog_bark,dog_bark,dog_bark,0.99291855,alert_only,0.55,64,False,32.290833,128
engine_idling,siren,siren,0.32907802,alert_only,0.55,64,False,11.709251,128
engine_idling,siren,siren,0.34181187,alert_only,0.55,64,False,11.052732,128
engine_idling,engine_idling,engine_idling,0.28221515,alert_only,0.55,64,False,11.941285,128
engine_idling,engine_idling,engine_idling,0.27680644,alert_only,0.55,64,False,11.614251,128
engine_idling,engine_idling,engine_idling,0.28685996,alert_only,0.55,64,False,11.496889,128
engine_idling,engine_idling,engine_idling,0.27962378,alert_only,0.55,64,False,11.35778,128
engine_idling,engine_idling,engine_idling,0.23614939,alert_only,0.55,64,False,11.118665,128
engine_idling,engine_idling,engine_idling,0.21991289,alert_only,0.55,64,False,11.310392,128
engine_idling,siren,siren,0.26376423,alert_only,0.55,64,False,11.427976,128
engine_idling,engine_idling,engine_idling,0.24017146,alert_only,0.55,64,False,11.474349,128
engine_idling,siren,siren,0.29913595,alert_only,0.55,64,False,11.69014,128
engine_idling,siren,siren,0.2547872,alert_only,0.55,64,False,11.549409,128
engine_idling,siren,siren,0.31341562,alert_only,0.55,64,False,10.844341,128
engine_idling,siren,siren,0.2660428,alert_only,0.55,64,False,10.195745,128
engine_idling,siren,siren,0.2551823,alert_only,0.55,64,False,10.399593,128
engine_idling,siren,siren,0.28307304,alert_only,0.55,64,False,10.402142,128
engine_idling,siren,siren,0.33727628,alert_only,0.55,64,False,10.626254,128
engine_idling,siren,siren,0.29556742,alert_only,0.55,64,False,10.794196,128
engine_idling,siren,siren,0.37411112,alert_only,0.55,64,False,11.126243,128
engine_idling,siren,siren,0.30173823,alert_only,0.55,64,False,11.338699,128
gun_shot,gun_shot,gun_shot,0.8295051,alert_only,0.55,64,False,16.272642,128
gun_shot,gun_shot,gun_shot,0.8037624,alert_only,0.55,64,False,15.988538,128
gun_shot,gun_shot,gun_shot,0.7975536,alert_only,0.55,64,False,15.038951,128
gun_shot,gun_shot,gun_shot,0.6274759,alert_only,0.55,64,False,14.236897,128
gun_shot,gun_shot,gun_shot,0.5790201,alert_only,0.55,64,False,13.982025,128
gun_shot,gun_shot,gun_shot,0.58669424,alert_only,0.55,64,False,13.983445,128
gun_shot,gun_shot,gun_shot,0.7762728,alert_only,0.55,64,False,14.349543,128
gun_shot,gun_shot,gun_shot,0.6194699,alert_only,0.55,64,False,14.187497,128
gun_shot,gun_shot,gun_shot,0.57652754,alert_only,0.55,64,False,13.941372,128
gun_shot,gun_shot,gun_shot,0.61440104,alert_only,0.55,64,False,14.409843,128
gun_shot,gun_shot,gun_shot,0.82283455,alert_only,0.55,64,False,15.171974,128
gun_shot,gun_shot,gun_shot,0.46822417,alert_only,0.55,64,False,13.374438,128
gun_shot,gun_shot,gun_shot,0.69320613,alert_only,0.55,64,False,13.0174675,128
siren,siren,siren,0.8811408,alert_only,0.55,64,False,19.44536,128
siren,siren,siren,0.93311846,alert_only,0.55,64,False,19.430395,128
siren,siren,siren,0.9506888,alert_only,0.55,64,False,26.271776,128
siren,siren,siren,0.9008967,alert_only,0.55,64,False,21.664072,128
siren,siren,siren,0.73079276,alert_only,0.55,64,False,17.593176,128
siren,dog_bark,dog_bark,0.4048054,alert_only,0.55,64,False,14.536168,128
siren,siren,siren,0.39286628,alert_only,0.55,64,False,13.803737,128
siren,siren,siren,0.93272305,alert_only,0.55,64,False,21.35642,128
siren,siren,siren,0.87377805,alert_only,0.55,64,False,19.479683,128
siren,siren,siren,0.6763449,alert_only,0.55,64,False,18.545975,128
siren,siren,siren,0.7735829,alert_only,0.55,64,False,19.49259,128
siren,siren,siren,0.81187546,alert_only,0.55,64,False,24.78117,128
siren,dog_bark,dog_bark,0.5371553,alert_only,0.55,64,False,19.66431,128
siren,dog_bark,dog_bark,0.77267665,alert_only,0.55,64,False,23.293566,128
siren,siren,siren,0.6556815,alert_only,0.55,64,False,27.699316,128
jackhammer,jackhammer,jackhammer,0.5434036,alert_only,0.55,64,False,14.067899,128
jackhammer,jackhammer,jackhammer,0.50580597,alert_only,0.55,64,False,18.532785,128
jackhammer,jackhammer,jackhammer,0.5898025,alert_only,0.55,64,False,20.81553,128
jackhammer,car_horn,car_horn,0.38924676,alert_only,0.55,64,False,15.435028,128
jackhammer,jackhammer,jackhammer,0.6009618,alert_only,0.55,64,False,21.732311,128
jackhammer,engine_idling,engine_idling,0.57285064,alert_only,0.55,64,False,27.141516,128
jackhammer,engine_idling,engine_idling,0.64376473,alert_only,0.55,64,False,23.930742,128
jackhammer,engine_idling,engine_idling,0.7003247,alert_only,0.55,64,False,20.758713,128
jackhammer,jackhammer,jackhammer,0.65431476,alert_only,0.55,64,False,24.64258,128
jackhammer,engine_idling,engine_idling,0.7737447,alert_only,0.55,64,False,27.90065,128
jackhammer,engine_idling,engine_idling,0.84966195,alert_only,0.55,64,False,32.613518,128
jackhammer,engine_idling,engine_idling,0.70199513,alert_only,0.55,64,False,28.116217,128
jackhammer,engine_idling,engine_idling,0.6624034,alert_only,0.55,64,False,24.568993,128
jackhammer,jackhammer,jackhammer,0.52316195,alert_only,0.55,64,False,28.590372,128
jackhammer,jackhammer,jackhammer,0.73344177,alert_only,0.55,64,False,28.844492,128
jackhammer,jackhammer,jackhammer,0.76979905,alert_only,0.55,64,False,18.068989,128
jackhammer,engine_idling,engine_idling,0.5267807,alert_only,0.55,64,False,28.280745,128
jackhammer,engine_idling,engine_idling,0.4976393,alert_only,0.55,64,False,25.544886,128
jackhammer,jackhammer,jackhammer,0.4927135,alert_only,0.55,64,False,26.792046,128
jackhammer,engine_idling,engine_idling,0.5184303,alert_only,0.55,64,False,29.579739,128
jackhammer,engine_idling,engine_idling,0.52909833,alert_only,0.55,64,False,24.366514,128
jackhammer,engine_idling,engine_idling,0.49483663,alert_only,0.55,64,False,29.915598,128
jackhammer,jackhammer,jackhammer,0.63263124,alert_only,0.55,64,False,31.14059,128
jackhammer,engine_idling,engine_idling,0.54534966,alert_only,0.55,64,False,27.705318,128
jackhammer,jackhammer,jackhammer,0.6385436,alert_only,0.55,64,False,24.269085,128
jackhammer,jackhammer,jackhammer,0.78930604,alert_only,0.55,64,False,17.994753,128
jackhammer,jackhammer,jackhammer,0.60750544,alert_only,0.55,64,False,26.33841,128
jackhammer,engine_idling,engine_idling,0.6302796,alert_only,0.55,64,False,25.61661,128
jackhammer,engine_idling,engine_idling,0.6100151,alert_only,0.55,64,False,25.357168,128
jackhammer,engine_idling,engine_idling,0.5854461,alert_only,0.55,64,False,28.180597,128
jackhammer,engine_idling,engine_idling,0.5633171,alert_only,0.55,64,False,30.012445,128
jackhammer,engine_idling,engine_idling,0.5277737,alert_only,0.55,64,False,31.062483,128
jackhammer,jackhammer,jackhammer,0.5510436,alert_only,0.55,64,False,28.764679,128
jackhammer,jackhammer,jackhammer,0.8710548,alert_only,0.55,64,False,20.794453,128
jackhammer,jackhammer,jackhammer,0.5496602,alert_only,0.55,64,False,23.025547,128
jackhammer,jackhammer,jackhammer,0.5422022,alert_only,0.55,64,False,19.657274,128
jackhammer,jackhammer,jackhammer,0.7463964,alert_only,0.55,64,False,22.143358,128
jackhammer,jackhammer,jackhammer,0.71460104,alert_only,0.55,64,False,25.479958,128
jackhammer,jackhammer,jackhammer,0.5797872,alert_only,0.55,64,False,29.088839,128
jackhammer,engine_idling,engine_idling,0.51194763,alert_only,0.55,64,False,28.304022,128
jackhammer,engine_idling,engine_idling,0.54988855,alert_only,0.55,64,False,27.003012,128
jackhammer,engine_idling,engine_idling,0.26525977,alert_only,0.55,64,False,11.846066,128
jackhammer,dog_bark,dog_bark,0.28896007,alert_only,0.55,64,False,16.22743,128
jackhammer,gun_shot,gun_shot,0.37239784,alert_only,0.55,64,False,8.898984,128
jackhammer,gun_shot,gun_shot,0.5141979,alert_only,0.55,64,False,11.545138,128
jackhammer,gun_shot,gun_shot,0.5336582,alert_only,0.55,64,False,12.928262,128
jackhammer,dog_bark,dog_bark,0.26138794,alert_only,0.55,64,False,13.653755,128
jackhammer,dog_bark,dog_bark,0.5177686,alert_only,0.55,64,False,16.475777,128
jackhammer,engine_idling,engine_idling,0.57990724,alert_only,0.55,64,False,23.435837,128
jackhammer,engine_idling,engine_idling,0.5715931,alert_only,0.55,64,False,27.099184,128
jackhammer,engine_idling,engine_idling,0.8237247,alert_only,0.55,64,False,28.134642,128
jackhammer,engine_idling,engine_idling,0.83703697,alert_only,0.55,64,False,26.266565,128
jackhammer,engine_idling,engine_idling,0.8038591,alert_only,0.55,64,False,23.949066,128
jackhammer,engine_idling,engine_idling,0.8785967,alert_only,0.55,64,False,23.3941,128
jackhammer,engine_idling,engine_idling,0.84558713,alert_only,0.55,64,False,28.18921,128
jackhammer,engine_idling,engine_idling,0.7954021,alert_only,0.55,64,False,24.802563,128
jackhammer,jackhammer,jackhammer,0.7681992,alert_only,0.55,64,False,25.806843,128
jackhammer,jackhammer,jackhammer,0.8144932,alert_only,0.55,64,False,26.293467,128
jackhammer,jackhammer,jackhammer,0.75980026,alert_only,0.55,64,False,24.425364,128
jackhammer,jackhammer,jackhammer,0.52560246,alert_only,0.55,64,False,23.48737,128
jackhammer,engine_idling,engine_idling,0.713111,alert_only,0.55,64,False,29.35504,128
dog_bark,gun_shot,gun_shot,0.36834335,alert_only,0.55,64,False,13.586044,128
dog_bark,gun_shot,gun_shot,0.5036587,alert_only,0.55,64,False,14.176951,128
children_playing,dog_bark,dog_bark,0.6222256,alert_only,0.55,64,False,21.485067,128
children_playing,children_playing,children_playing,0.44918033,alert_only,0.55,64,False,25.729008,128
children_playing,children_playing,children_playing,0.46409068,alert_only,0.55,64,False,20.250587,128
children_playing,children_playing,children_playing,0.3961422,alert_only,0.55,64,False,21.56572,128
children_playing,children_playing,children_playing,0.3158127,alert_only,0.55,64,False,12.139199,128
children_playing,children_playing,children_playing,0.42157543,alert_only,0.55,64,False,15.4408455,128
children_playing,children_playing,children_playing,0.4630916,alert_only,0.55,64,False,18.596174,128
children_playing,children_playing,children_playing,0.31728157,alert_only,0.55,64,False,13.6594715,128
street_music,street_music,street_music,0.6227304,alert_only,0.55,64,False,20.368553,128
street_music,children_playing,children_playing,0.30071503,alert_only,0.55,64,False,12.236682,128
street_music,dog_bark,dog_bark,0.43134564,alert_only,0.55,64,False,15.066404,128
street_music,street_music,street_music,0.28767663,alert_only,0.55,64,False,15.243698,128
street_music,dog_bark,dog_bark,0.35598537,alert_only,0.55,64,False,15.437734,128
street_music,siren,siren,0.43703207,alert_only,0.55,64,False,16.208687,128
street_music,street_music,street_music,0.5078794,alert_only,0.55,64,False,18.677372,128
gun_shot,dog_bark,dog_bark,0.5034262,alert_only,0.55,64,False,15.49125,128
siren,siren,siren,0.56745857,alert_only,0.55,64,False,22.90221,128
siren,dog_bark,dog_bark,0.5353454,alert_only,0.55,64,False,25.765873,128
siren,siren,siren,0.624358,alert_only,0.55,64,False,20.252367,128
siren,siren,siren,0.58277005,alert_only,0.55,64,False,18.339497,128
siren,siren,siren,0.65355134,alert_only,0.55,64,False,22.52513,128
siren,siren,siren,0.86988795,alert_only,0.55,64,False,23.073584,128
siren,siren,siren,0.8690258,alert_only,0.55,64,False,25.30008,128
siren,siren,siren,0.8856142,alert_only,0.55,64,False,23.866657,128
siren,siren,siren,0.5697543,alert_only,0.55,64,False,13.986064,128
drilling,drilling,drilling,0.81864166,alert_only,0.55,64,False,22.468607,128
drilling,drilling,drilling,0.786079,alert_only,0.55,64,False,23.885834,128
drilling,drilling,drilling,0.86784124,alert_only,0.55,64,False,22.674984,128
air_conditioner,engine_idling,engine_idling,0.20432466,alert_only,0.55,64,False,8.833949,128
air_conditioner,air_conditioner,air_conditioner,0.22870551,alert_only,0.55,64,False,9.785363,128
air_conditioner,air_conditioner,air_conditioner,0.27539036,alert_only,0.55,64,False,9.308577,128
air_conditioner,engine_idling,engine_idling,0.28564674,alert_only,0.55,64,False,9.497599,128
air_conditioner,air_conditioner,air_conditioner,0.31729355,alert_only,0.55,64,False,10.1993,128
air_conditioner,engine_idling,engine_idling,0.29762962,alert_only,0.55,64,False,9.8635845,128
air_conditioner,air_conditioner,air_conditioner,0.33842954,alert_only,0.55,64,False,9.665928,128
air_conditioner,air_conditioner,air_conditioner,0.35828426,alert_only,0.55,64,False,9.883119,128
air_conditioner,air_conditioner,air_conditioner,0.32878998,alert_only,0.55,64,False,9.818963,128
air_conditioner,air_conditioner,air_conditioner,0.33745798,alert_only,0.55,64,False,9.627595,128
air_conditioner,air_conditioner,air_conditioner,0.3760534,alert_only,0.55,64,False,9.64566,128
air_conditioner,air_conditioner,air_conditioner,0.37796336,alert_only,0.55,64,False,9.525152,128
air_conditioner,air_conditioner,air_conditioner,0.25576177,alert_only,0.55,64,False,9.797016,128
air_conditioner,air_conditioner,air_conditioner,0.34899792,alert_only,0.55,64,False,9.766994,128
air_conditioner,air_conditioner,air_conditioner,0.36318317,alert_only,0.55,64,False,9.645697,128
air_conditioner,air_conditioner,air_conditioner,0.37832037,alert_only,0.55,64,False,9.748381,128
air_conditioner,air_conditioner,air_conditioner,0.32989234,alert_only,0.55,64,False,9.910087,128
air_conditioner,engine_idling,engine_idling,0.28236514,alert_only,0.55,64,False,9.120153,128
air_conditioner,air_conditioner,air_conditioner,0.3054994,alert_only,0.55,64,False,9.640594,128
air_conditioner,air_conditioner,air_conditioner,0.29635584,alert_only,0.55,64,False,9.853234,128
air_conditioner,air_conditioner,air_conditioner,0.25118473,alert_only,0.55,64,False,9.578751,128
air_conditioner,children_playing,children_playing,0.27831075,alert_only,0.55,64,False,10.01781,128
air_conditioner,air_conditioner,air_conditioner,0.2194126,alert_only,0.55,64,False,9.629954,128
air_conditioner,air_conditioner,air_conditioner,0.25208896,alert_only,0.55,64,False,9.973988,128
air_conditioner,air_conditioner,air_conditioner,0.29091746,alert_only,0.55,64,False,9.927406,128
drilling,gun_shot,gun_shot,0.4528533,alert_only,0.55,64,False,9.567255,128
drilling,dog_bark,dog_bark,0.7508256,alert_only,0.55,64,False,17.806593,128
drilling,gun_shot,gun_shot,0.5189839,alert_only,0.55,64,False,13.920813,128
drilling,gun_shot,gun_shot,0.57752556,alert_only,0.55,64,False,14.458468,128
gun_shot,dog_bark,dog_bark,0.43155313,alert_only,0.55,64,False,14.794196,128
car_horn,gun_shot,gun_shot,0.382915,alert_only,0.55,64,False,12.498376,128
car_horn,dog_bark,dog_bark,0.27916858,alert_only,0.55,64,False,13.956654,128
street_music,children_playing,children_playing,0.3856755,alert_only,0.55,64,False,12.596474,128
street_music,children_playing,children_playing,0.34739584,alert_only,0.55,64,False,11.932726,128
street_music,air_conditioner,air_conditioner,0.24642457,alert_only,0.55,64,False,10.579969,128
street_music,street_music,street_music,0.32404852,alert_only,0.55,64,False,11.169533,128
street_music,street_music,street_music,0.30418095,alert_only,0.55,64,False,11.344552,128
street_music,air_conditioner,air_conditioner,0.2621098,alert_only,0.55,64,False,10.636766,128
street_music,air_conditioner,air_conditioner,0.2750501,alert_only,0.55,64,False,10.231368,128
street_music,street_music,street_music,0.5677915,alert_only,0.55,64,False,17.57404,128
street_music,street_music,street_music,0.7530361,alert_only,0.55,64,False,25.114122,128
street_music,street_music,street_music,0.71146303,alert_only,0.55,64,False,22.05743,128
street_music,street_music,street_music,0.5377326,alert_only,0.55,64,False,15.421134,128
street_music,street_music,street_music,0.25625545,alert_only,0.55,64,False,16.01406,128
street_music,street_music,street_music,0.4691036,alert_only,0.55,64,False,17.889301,128
gun_shot,gun_shot,gun_shot,0.876973,alert_only,0.55,64,False,16.784025,128
gun_shot,gun_shot,gun_shot,0.8759797,alert_only,0.55,64,False,17.005705,128
gun_shot,gun_shot,gun_shot,0.86169237,alert_only,0.55,64,False,15.934906,128
gun_shot,gun_shot,gun_shot,0.87736124,alert_only,0.55,64,False,16.845171,128
gun_shot,gun_shot,gun_shot,0.80223626,alert_only,0.55,64,False,14.764959,128
gun_shot,gun_shot,gun_shot,0.8019146,alert_only,0.55,64,False,14.390896,128
gun_shot,gun_shot,gun_shot,0.7379979,alert_only,0.55,64,False,14.452833,128
dog_bark,gun_shot,gun_shot,0.3824295,alert_only,0.55,64,False,13.516011,128
dog_bark,gun_shot,gun_shot,0.4753804,alert_only,0.55,64,False,14.935616,128
dog_bark,gun_shot,gun_shot,0.30042842,alert_only,0.55,64,False,13.3305235,128
car_horn,gun_shot,gun_shot,0.40759927,alert_only,0.55,64,False,13.183982,128
car_horn,car_horn,car_horn,0.59721404,alert_only,0.55,64,False,12.483954,128
jackhammer,gun_shot,gun_shot,0.41311342,alert_only,0.55,64,False,12.324151,128
jackhammer,jackhammer,jackhammer,0.80240285,alert_only,0.55,64,False,21.501604,128
jackhammer,jackhammer,jackhammer,0.9634424,alert_only,0.55,64,False,27.43724,128
jackhammer,jackhammer,jackhammer,0.8830907,alert_only,0.55,64,False,23.6888,128
jackhammer,jackhammer,jackhammer,0.9239661,alert_only,0.55,64,False,24.619427,128
jackhammer,jackhammer,jackhammer,0.7820362,alert_only,0.55,64,False,23.67835,128
jackhammer,jackhammer,jackhammer,0.69875854,alert_only,0.55,64,False,23.30209,128
jackhammer,jackhammer,jackhammer,0.77785754,alert_only,0.55,64,False,24.207205,128
jackhammer,jackhammer,jackhammer,0.8147009,alert_only,0.55,64,False,24.815088,128
jackhammer,jackhammer,jackhammer,0.71559435,alert_only,0.55,64,False,22.716173,128
car_horn,car_horn,car_horn,0.87219244,alert_only,0.55,64,False,19.82718,128
children_playing,siren,siren,0.42787603,alert_only,0.55,64,False,17.755327,128
children_playing,dog_bark,dog_bark,0.30096817,alert_only,0.55,64,False,12.6521015,128
children_playing,children_playing,children_playing,0.36310986,alert_only,0.55,64,False,16.59121,128
children_playing,siren,siren,0.43105903,alert_only,0.55,64,False,16.95812,128
children_playing,siren,siren,0.25014094,alert_only,0.55,64,False,15.317167,128
children_playing,children_playing,children_playing,0.24103062,alert_only,0.55,64,False,12.911418,128
children_playing,children_playing,children_playing,0.33898008,alert_only,0.55,64,False,15.327457,128
children_playing,children_playing,children_playing,0.26769978,alert_only,0.55,64,False,15.177637,128
car_horn,car_horn,car_horn,0.42009622,alert_only,0.55,64,False,10.856967,128
drilling,siren,siren,0.2999536,alert_only,0.55,64,False,11.921652,128
drilling,drilling,drilling,0.24922772,alert_only,0.55,64,False,11.5240345,128
drilling,drilling,drilling,0.3033673,alert_only,0.55,64,False,13.718042,128
drilling,drilling,drilling,0.3072957,alert_only,0.55,64,False,13.207297,128
drilling,drilling,drilling,0.2703397,alert_only,0.55,64,False,12.746179,128
drilling,drilling,drilling,0.28881833,alert_only,0.55,64,False,13.0758,128
drilling,drilling,drilling,0.38220707,alert_only,0.55,64,False,13.033586,128
drilling,drilling,drilling,0.44110867,alert_only,0.55,64,False,14.4870825,128
drilling,drilling,drilling,0.46959347,alert_only,0.55,64,False,15.515708,128
drilling,drilling,drilling,0.53782386,alert_only,0.55,64,False,15.916393,128
drilling,drilling,drilling,0.5611078,alert_only,0.55,64,False,15.472051,128
drilling,drilling,drilling,0.5876918,alert_only,0.55,64,False,15.410885,128
drilling,drilling,drilling,0.4686446,alert_only,0.55,64,False,13.208289,128
drilling,drilling,drilling,0.62639004,alert_only,0.55,64,False,15.697199,128
drilling,drilling,drilling,0.6583812,alert_only,0.55,64,False,16.101263,128
drilling,drilling,drilling,0.40580186,alert_only,0.55,64,False,13.938741,128
drilling,drilling,drilling,0.43762437,alert_only,0.55,64,False,13.4166,128
drilling,drilling,drilling,0.45295945,alert_only,0.55,64,False,13.642068,128
drilling,drilling,drilling,0.43846047,alert_only,0.55,64,False,14.2432,128
drilling,drilling,drilling,0.3664423,alert_only,0.55,64,False,14.302808,128
drilling,drilling,drilling,0.35799897,alert_only,0.55,64,False,14.567739,128
drilling,drilling,drilling,0.30399808,alert_only,0.55,64,False,14.172282,128
drilling,drilling,drilling,0.744336,alert_only,0.55,64,False,17.330492,128
drilling,drilling,drilling,0.6432152,alert_only,0.55,64,False,27.863768,128
drilling,drilling,drilling,0.9490676,alert_only,0.55,64,False,27.238703,128
drilling,drilling,drilling,0.7545911,alert_only,0.55,64,False,33.438427,128
drilling,drilling,drilling,0.64315087,alert_only,0.55,64,False,17.264856,128
drilling,siren,siren,0.31656367,alert_only,0.55,64,False,16.330566,128
drilling,dog_bark,dog_bark,0.3740731,alert_only,0.55,64,False,16.011564,128
drilling,dog_bark,dog_bark,0.32232398,alert_only,0.55,64,False,14.836445,128
drilling,drilling,drilling,0.3447735,alert_only,0.55,64,False,15.058596,128
drilling,drilling,drilling,0.57348067,alert_only,0.55,64,False,14.574518,128
drilling,drilling,drilling,0.69193697,alert_only,0.55,64,False,18.157118,128
children_playing,street_music,street_music,0.38654953,alert_only,0.55,64,False,21.04206,128
children_playing,street_music,street_music,0.4809986,alert_only,0.55,64,False,27.946783,128
children_playing,children_playing,children_playing,0.3505962,alert_only,0.55,64,False,22.527021,128
children_playing,street_music,street_music,0.33374193,alert_only,0.55,64,False,13.010191,128
children_playing,street_music,street_music,0.23113264,alert_only,0.55,64,False,15.252098,128
children_playing,children_playing,children_playing,0.31648484,alert_only,0.55,64,False,16.4021,128
children_playing,children_playing,children_playing,0.30423132,alert_only,0.55,64,False,15.990015,128
children_playing,siren,siren,0.5560053,alert_only,0.55,64,False,28.800665,128
drilling,drilling,drilling,0.74787474,alert_only,0.55,64,False,20.056479,128
drilling,dog_bark,dog_bark,0.4189274,alert_only,0.55,64,False,22.122852,128
drilling,siren,siren,0.53307337,alert_only,0.55,64,False,24.408485,128
drilling,drilling,drilling,0.4277419,alert_only,0.55,64,False,24.899494,128
drilling,drilling,drilling,0.4205081,alert_only,0.55,64,False,20.447515,128
drilling,drilling,drilling,0.7058832,alert_only,0.55,64,False,28.358873,128
children_playing,children_playing,children_playing,0.46990165,alert_only,0.55,64,False,23.088308,128
children_playing,children_playing,children_playing,0.6447942,alert_only,0.55,64,False,23.528614,128
children_playing,dog_bark,dog_bark,0.3314296,alert_only,0.55,64,False,21.408997,128
children_playing,siren,siren,0.49085224,alert_only,0.55,64,False,24.8686,128
children_playing,dog_bark,dog_bark,0.44113725,alert_only,0.55,64,False,23.350075,128
children_playing,siren,siren,0.4864788,alert_only,0.55,64,False,28.486767,128
children_playing,children_playing,children_playing,0.3314415,alert_only,0.55,64,False,20.688093,128
children_playing,siren,siren,0.37218165,alert_only,0.55,64,False,17.503784,128
jackhammer,gun_shot,gun_shot,0.5289098,alert_only,0.55,64,False,14.00834,128
jackhammer,gun_shot,gun_shot,0.4680644,alert_only,0.55,64,False,11.028669,128
jackhammer,jackhammer,jackhammer,0.7920165,alert_only,0.55,64,False,37.77596,128
jackhammer,jackhammer,jackhammer,0.8580683,alert_only,0.55,64,False,33.581528,128
jackhammer,jackhammer,jackhammer,0.8349845,alert_only,0.55,64,False,32.918976,128
jackhammer,jackhammer,jackhammer,0.61562854,alert_only,0.55,64,False,30.151815,128
jackhammer,jackhammer,jackhammer,0.74782944,alert_only,0.55,64,False,34.56349,128
jackhammer,drilling,drilling,0.470074,alert_only,0.55,64,False,29.142551,128
jackhammer,gun_shot,gun_shot,0.60719746,alert_only,0.55,64,False,14.9844475,128
jackhammer,gun_shot,gun_shot,0.34295708,alert_only,0.55,64,False,9.167781,128
jackhammer,gun_shot,gun_shot,0.50519323,alert_only,0.55,64,False,13.726395,128
jackhammer,gun_shot,gun_shot,0.35126624,alert_only,0.55,64,False,8.791588,128
jackhammer,gun_shot,gun_shot,0.37506866,alert_only,0.55,64,False,12.051292,128
jackhammer,gun_shot,gun_shot,0.41482633,alert_only,0.55,64,False,11.651874,128
jackhammer,gun_shot,gun_shot,0.33187693,alert_only,0.55,64,False,8.802437,128
jackhammer,gun_shot,gun_shot,0.3911324,alert_only,0.55,64,False,13.469316,128
jackhammer,gun_shot,gun_shot,0.41382697,alert_only,0.55,64,False,9.803673,128
jackhammer,gun_shot,gun_shot,0.37910116,alert_only,0.55,64,False,13.514607,128
air_conditioner,air_conditioner,air_conditioner,0.32582143,alert_only,0.55,64,False,10.919731,128
air_conditioner,air_conditioner,air_conditioner,0.30548808,alert_only,0.55,64,False,10.450224,128
air_conditioner,air_conditioner,air_conditioner,0.27873084,alert_only,0.55,64,False,11.1081505,128
air_conditioner,air_conditioner,air_conditioner,0.27561763,alert_only,0.55,64,False,10.7625,128
air_conditioner,air_conditioner,air_conditioner,0.29689243,alert_only,0.55,64,False,10.643574,128
air_conditioner,air_conditioner,air_conditioner,0.29580957,alert_only,0.55,64,False,10.866651,128
air_conditioner,air_conditioner,air_conditioner,0.39582217,alert_only,0.55,64,False,10.22653,128
air_conditioner,air_conditioner,air_conditioner,0.2875624,alert_only,0.55,64,False,10.838885,128
air_conditioner,air_conditioner,air_conditioner,0.3365984,alert_only,0.55,64,False,10.60187,128
air_conditioner,air_conditioner,air_conditioner,0.44143453,alert_only,0.55,64,False,10.097248,128
air_conditioner,air_conditioner,air_conditioner,0.4472697,alert_only,0.55,64,False,10.405781,128
air_conditioner,air_conditioner,air_conditioner,0.38484186,alert_only,0.55,64,False,10.23838,128
air_conditioner,air_conditioner,air_conditioner,0.44018477,alert_only,0.55,64,False,10.02796,128
air_conditioner,air_conditioner,air_conditioner,0.4526002,alert_only,0.55,64,False,10.007573,128
air_conditioner,air_conditioner,air_conditioner,0.44720683,alert_only,0.55,64,False,10.091954,128
air_conditioner,air_conditioner,air_conditioner,0.44156322,alert_only,0.55,64,False,10.212793,128
air_conditioner,air_conditioner,air_conditioner,0.4288911,alert_only,0.55,64,False,9.859563,128
air_conditioner,air_conditioner,air_conditioner,0.4403965,alert_only,0.55,64,False,9.909659,128
air_conditioner,air_conditioner,air_conditioner,0.35393885,alert_only,0.55,64,False,10.541965,128
air_conditioner,air_conditioner,air_conditioner,0.44564286,alert_only,0.55,64,False,10.2225485,128
air_conditioner,air_conditioner,air_conditioner,0.4497296,alert_only,0.55,64,False,10.165987,128
air_conditioner,air_conditioner,air_conditioner,0.4617764,alert_only,0.55,64,False,10.105835,128
air_conditioner,air_conditioner,air_conditioner,0.4376157,alert_only,0.55,64,False,9.988759,128
air_conditioner,air_conditioner,air_conditioner,0.36038786,alert_only,0.55,64,False,10.415618,128
air_conditioner,air_conditioner,air_conditioner,0.3222198,alert_only,0.55,64,False,10.287555,128
air_conditioner,air_conditioner,air_conditioner,0.26222548,alert_only,0.55,64,False,11.009474,128
air_conditioner,air_conditioner,air_conditioner,0.4039274,alert_only,0.55,64,False,10.214582,128
air_conditioner,air_conditioner,air_conditioner,0.40629944,alert_only,0.55,64,False,10.261001,128
air_conditioner,air_conditioner,air_conditioner,0.38271284,alert_only,0.55,64,False,10.191337,128
air_conditioner,air_conditioner,air_conditioner,0.36066705,alert_only,0.55,64,False,10.544574,128
air_conditioner,air_conditioner,air_conditioner,0.35850683,alert_only,0.55,64,False,10.680031,128
air_conditioner,air_conditioner,air_conditioner,0.36840984,alert_only,0.55,64,False,10.576006,128
drilling,drilling,drilling,0.8575322,alert_only,0.55,64,False,26.653786,128
drilling,drilling,drilling,0.71983504,alert_only,0.55,64,False,27.794737,128
children_playing,drilling,drilling,0.35110617,alert_only,0.55,64,False,12.84918,128
children_playing,dog_bark,dog_bark,0.8632036,alert_only,0.55,64,False,27.754862,128
children_playing,dog_bark,dog_bark,0.8267071,alert_only,0.55,64,False,18.761997,128
children_playing,dog_bark,dog_bark,0.37238988,alert_only,0.55,64,False,11.812591,128
children_playing,gun_shot,gun_shot,0.28600237,alert_only,0.55,64,False,13.548289,128
dog_bark,dog_bark,dog_bark,0.8054953,alert_only,0.55,64,False,18.229387,128
dog_bark,dog_bark,dog_bark,0.8227577,alert_only,0.55,64,False,14.407265,128
dog_bark,dog_bark,dog_bark,0.78516024,alert_only,0.55,64,False,18.330877,128
dog_bark,dog_bark,dog_bark,0.81954956,alert_only,0.55,64,False,15.603471,128
children_playing,siren,siren,0.41039866,alert_only,0.55,64,False,14.071126,128
children_playing,siren,siren,0.5594941,alert_only,0.55,64,False,14.80371,128
children_playing,siren,siren,0.37135613,alert_only,0.55,64,False,13.763266,128
children_playing,children_playing,children_playing,0.24525858,alert_only,0.55,64,False,14.252829,128
children_playing,children_playing,children_playing,0.45650852,alert_only,0.55,64,False,17.44064,128
children_playing,children_playing,children_playing,0.47630167,alert_only,0.55,64,False,24.066463,128
children_playing,siren,siren,0.5953456,alert_only,0.55,64,False,19.049377,128
children_playing,children_playing,children_playing,0.51319176,alert_only,0.55,64,False,22.030844,128
dog_bark,dog_bark,dog_bark,0.9781542,alert_only,0.55,64,False,24.368998,128
dog_bark,dog_bark,dog_bark,0.8917622,alert_only,0.55,64,False,16.400314,128
dog_bark,dog_bark,dog_bark,0.8940337,alert_only,0.55,64,False,16.52956,128
dog_bark,dog_bark,dog_bark,0.85936236,alert_only,0.55,64,False,15.895152,128
gun_shot,gun_shot,gun_shot,0.69886917,alert_only,0.55,64,False,14.826409,128
gun_shot,gun_shot,gun_shot,0.67961544,alert_only,0.55,64,False,14.97529,128
gun_shot,gun_shot,gun_shot,0.57340026,alert_only,0.55,64,False,13.906503,128
gun_shot,gun_shot,gun_shot,0.6782868,alert_only,0.55,64,False,14.876009,128
gun_shot,gun_shot,gun_shot,0.5949941,alert_only,0.55,64,False,14.064817,128
gun_shot,gun_shot,gun_shot,0.66010416,alert_only,0.55,64,False,14.73153,128
engine_idling,dog_bark,dog_bark,0.23333988,alert_only,0.55,64,False,11.75951,128
engine_idling,dog_bark,dog_bark,0.27572057,alert_only,0.55,64,False,12.587426,128
engine_idling,dog_bark,dog_bark,0.25702313,alert_only,0.55,64,False,12.93034,128
engine_idling,dog_bark,dog_bark,0.2563831,alert_only,0.55,64,False,12.744475,128
engine_idling,dog_bark,dog_bark,0.23129788,alert_only,0.55,64,False,12.668297,128
engine_idling,dog_bark,dog_bark,0.26896268,alert_only,0.55,64,False,12.121789,128
engine_idling,street_music,street_music,0.34274617,alert_only,0.55,64,False,12.02737,128
street_music,street_music,street_music,0.7594454,alert_only,0.55,64,False,37.881996,128
street_music,street_music,street_music,0.9384136,alert_only,0.55,64,False,30.249441,128
street_music,street_music,street_music,0.8921522,alert_only,0.55,64,False,44.718662,128
street_music,car_horn,car_horn,0.959938,alert_only,0.55,64,False,56.04105,128
street_music,street_music,street_music,0.8464233,alert_only,0.55,64,False,37.808575,128
street_music,street_music,street_music,0.8607852,alert_only,0.55,64,False,24.772835,128
street_music,street_music,street_music,0.75550896,alert_only,0.55,64,False,38.118313,128
street_music,street_music,street_music,0.49910027,alert_only,0.55,64,False,44.489643,128
street_music,street_music,street_music,0.86436474,alert_only,0.55,64,False,42.220787,128
street_music,street_music,street_music,0.7313201,alert_only,0.55,64,False,44.94642,128
street_music,car_horn,car_horn,0.6398233,alert_only,0.55,64,False,27.881062,128
street_music,street_music,street_music,0.82787913,alert_only,0.55,64,False,32.230446,128
gun_shot,gun_shot,gun_shot,0.68466866,alert_only,0.55,64,False,15.200758,128
dog_bark,drilling,drilling,0.3873447,alert_only,0.55,64,False,13.397662,128
dog_bark,drilling,drilling,0.8947079,alert_only,0.55,64,False,19.258589,128
children_playing,street_music,street_music,0.36870623,alert_only,0.55,64,False,19.513544,128
children_playing,street_music,street_music,0.37884548,alert_only,0.55,64,False,25.130016,128
children_playing,street_music,street_music,0.27094838,alert_only,0.55,64,False,16.991777,128
children_playing,street_music,street_music,0.42299992,alert_only,0.55,64,False,15.098748,128
children_playing,street_music,street_music,0.41680416,alert_only,0.55,64,False,21.294207,128
children_playing,street_music,street_music,0.39054972,alert_only,0.55,64,False,23.59091,128
children_playing,street_music,street_music,0.5208936,alert_only,0.55,64,False,19.567398,128
children_playing,street_music,street_music,0.3126927,alert_only,0.55,64,False,22.940866,128
siren,siren,siren,0.97102094,alert_only,0.55,64,False,22.099766,128
siren,gun_shot,gun_shot,0.403683,alert_only,0.55,64,False,14.03034,128
siren,gun_shot,gun_shot,0.41757092,alert_only,0.55,64,False,13.373784,128
siren,gun_shot,gun_shot,0.4083064,alert_only,0.55,64,False,13.731687,128
dog_bark,gun_shot,gun_shot,0.50649625,alert_only,0.55,64,False,15.102536,128
dog_bark,dog_bark,dog_bark,0.32976365,alert_only,0.55,64,False,13.74643,128
dog_bark,dog_bark,dog_bark,0.35644436,alert_only,0.55,64,False,13.864886,128
dog_bark,dog_bark,dog_bark,0.40268317,alert_only,0.55,64,False,14.625424,128
dog_bark,siren,siren,0.32043996,alert_only,0.55,64,False,19.240517,128
dog_bark,car_horn,car_horn,0.287777,alert_only,0.55,64,False,24.487911,128
dog_bark,street_music,street_music,0.28372017,alert_only,0.55,64,False,22.15788,128
engine_idling,gun_shot,gun_shot,0.3464828,alert_only,0.55,64,False,13.782553,128
car_horn,car_horn,car_horn,0.5844777,alert_only,0.55,64,False,12.96564,128
car_horn,car_horn,car_horn,0.57480395,alert_only,0.55,64,False,14.08137,128
gun_shot,gun_shot,gun_shot,0.4286241,alert_only,0.55,64,False,14.856848,128
gun_shot,gun_shot,gun_shot,0.42420754,alert_only,0.55,64,False,14.90193,128
siren,dog_bark,dog_bark,0.50468904,alert_only,0.55,64,False,12.572853,128
dog_bark,gun_shot,gun_shot,0.32490152,alert_only,0.55,64,False,13.784281,128
dog_bark,children_playing,children_playing,0.28296787,alert_only,0.55,64,False,12.548598,128
dog_bark,gun_shot,gun_shot,0.3649988,alert_only,0.55,64,False,13.273002,128
dog_bark,gun_shot,gun_shot,0.35202298,alert_only,0.55,64,False,13.180852,128
drilling,drilling,drilling,0.324178,alert_only,0.55,64,False,12.229014,128
drilling,gun_shot,gun_shot,0.38795552,alert_only,0.55,64,False,11.273146,128
children_playing,drilling,drilling,0.43949047,alert_only,0.55,64,False,18.235064,128
children_playing,siren,siren,0.27564105,alert_only,0.55,64,False,15.320188,128
children_playing,siren,siren,0.5938392,alert_only,0.55,64,False,19.312374,128
children_playing,siren,siren,0.4667636,alert_only,0.55,64,False,18.129766,128
children_playing,siren,siren,0.2728829,alert_only,0.55,64,False,17.961105,128
children_playing,dog_bark,dog_bark,0.50894725,alert_only,0.55,64,False,17.563858,128
children_playing,dog_bark,dog_bark,0.47697797,alert_only,0.55,64,False,15.809255,128
car_horn,car_horn,car_horn,0.99242777,alert_only,0.55,64,False,38.28207,128
car_horn,car_horn,car_horn,0.99483925,alert_only,0.55,64,False,36.70975,128
car_horn,car_horn,car_horn,0.9790685,alert_only,0.55,64,False,38.54431,128
car_horn,car_horn,car_horn,0.99212646,alert_only,0.55,64,False,42.99017,128
car_horn,car_horn,car_horn,0.7933189,alert_only,0.55,64,False,24.420652,128
car_horn,car_horn,car_horn,0.87921447,alert_only,0.55,64,False,29.182741,128
car_horn,car_horn,car_horn,0.79746735,alert_only,0.55,64,False,31.73833,128
car_horn,car_horn,car_horn,0.9554061,alert_only,0.55,64,False,39.42617,128
car_horn,car_horn,car_horn,0.91976964,alert_only,0.55,64,False,37.573853,128
car_horn,car_horn,car_horn,0.98699224,alert_only,0.55,64,False,40.983253,128
car_horn,car_horn,car_horn,0.99379975,alert_only,0.55,64,False,43.110504,128
car_horn,car_horn,car_horn,0.99384993,alert_only,0.55,64,False,37.774426,128
car_horn,car_horn,car_horn,0.7587138,alert_only,0.55,64,False,22.666374,128
car_horn,car_horn,car_horn,0.5552379,alert_only,0.55,64,False,19.616194,128
car_horn,dog_bark,dog_bark,0.2546045,alert_only,0.55,64,False,12.666217,128
dog_bark,dog_bark,dog_bark,0.97192985,alert_only,0.55,64,False,20.841854,128
dog_bark,dog_bark,dog_bark,0.97630185,alert_only,0.55,64,False,21.538233,128
dog_bark,dog_bark,dog_bark,0.9545187,alert_only,0.55,64,False,19.112238,128
dog_bark,dog_bark,dog_bark,0.9460884,alert_only,0.55,64,False,18.716217,128
jackhammer,gun_shot,gun_shot,0.32809976,alert_only,0.55,64,False,14.014927,128
jackhammer,gun_shot,gun_shot,0.6097166,alert_only,0.55,64,False,15.085125,128
jackhammer,gun_shot,gun_shot,0.5922598,alert_only,0.55,64,False,14.928571,128
jackhammer,gun_shot,gun_shot,0.59660345,alert_only,0.55,64,False,12.793981,128
jackhammer,gun_shot,gun_shot,0.35596675,alert_only,0.55,64,False,9.44667,128
jackhammer,gun_shot,gun_shot,0.3731269,alert_only,0.55,64,False,9.715388,128
jackhammer,children_playing,children_playing,0.5298612,alert_only,0.55,64,False,15.874239,128
dog_bark,engine_idling,engine_idling,0.3213747,alert_only,0.55,64,False,13.348096,128
engine_idling,engine_idling,engine_idling,0.83037865,alert_only,0.55,64,False,18.280159,128
engine_idling,engine_idling,engine_idling,0.83999276,alert_only,0.55,64,False,18.269161,128
engine_idling,engine_idling,engine_idling,0.8037656,alert_only,0.55,64,False,17.486984,128
engine_idling,engine_idling,engine_idling,0.7629022,alert_only,0.55,64,False,16.694365,128
engine_idling,engine_idling,engine_idling,0.7462102,alert_only,0.55,64,False,15.986992,128
engine_idling,engine_idling,engine_idling,0.7901562,alert_only,0.55,64,False,17.769247,128
engine_idling,engine_idling,engine_idling,0.7736386,alert_only,0.55,64,False,17.513365,128
engine_idling,engine_idling,engine_idling,0.80507255,alert_only,0.55,64,False,17.846943,128
engine_idling,engine_idling,engine_idling,0.80224067,alert_only,0.55,64,False,17.204262,128
engine_idling,engine_idling,engine_idling,0.75231016,alert_only,0.55,64,False,16.260504,128
engine_idling,engine_idling,engine_idling,0.76738244,alert_only,0.55,64,False,16.116896,128
engine_idling,engine_idling,engine_idling,0.7906456,alert_only,0.55,64,False,16.927881,128
engine_idling,engine_idling,engine_idling,0.80226713,alert_only,0.55,64,False,17.401945,128
engine_idling,gun_shot,gun_shot,0.48358423,alert_only,0.55,64,False,10.854556,128
dog_bark,siren,siren,0.31498492,alert_only,0.55,64,False,12.162834,128
dog_bark,dog_bark,dog_bark,0.33327234,alert_only,0.55,64,False,13.618143,128
dog_bark,siren,siren,0.42168218,alert_only,0.55,64,False,13.004604,128
dog_bark,dog_bark,dog_bark,0.90231097,alert_only,0.55,64,False,19.899216,128
dog_bark,dog_bark,dog_bark,0.8274167,alert_only,0.55,64,False,20.247011,128
dog_bark,dog_bark,dog_bark,0.798236,alert_only,0.55,64,False,19.053816,128
dog_bark,dog_bark,dog_bark,0.7065849,alert_only,0.55,64,False,18.752466,128
car_horn,car_horn,car_horn,0.99966824,alert_only,0.55,64,False,41.603832,128
car_horn,car_horn,car_horn,0.99971217,alert_only,0.55,64,False,42.907257,128
car_horn,car_horn,car_horn,0.99979407,alert_only,0.55,64,False,43.39812,128
dog_bark,dog_bark,dog_bark,0.83082056,alert_only,0.55,64,False,15.1365385,128
dog_bark,dog_bark,dog_bark,0.8510023,alert_only,0.55,64,False,15.180993,128
dog_bark,dog_bark,dog_bark,0.58626455,alert_only,0.55,64,False,13.134074,128
dog_bark,dog_bark,dog_bark,0.69741064,alert_only,0.55,64,False,12.904848,128
car_horn,car_horn,car_horn,0.54909873,alert_only,0.55,64,False,19.08948,128
car_horn,street_music,street_music,0.45189577,alert_only,0.55,64,False,18.034224,128
dog_bark,dog_bark,dog_bark,0.98000425,alert_only,0.55,64,False,27.50147,128
dog_bark,dog_bark,dog_bark,0.9550552,alert_only,0.55,64,False,27.08892,128
dog_bark,dog_bark,dog_bark,0.965684,alert_only,0.55,64,False,24.016998,128
gun_shot,gun_shot,gun_shot,0.6788784,alert_only,0.55,64,False,15.211536,128
dog_bark,dog_bark,dog_bark,0.88758385,alert_only,0.55,64,False,20.535181,128
dog_bark,dog_bark,dog_bark,0.883103,alert_only,0.55,64,False,21.643848,128
dog_bark,dog_bark,dog_bark,0.8440583,alert_only,0.55,64,False,18.761486,128
dog_bark,dog_bark,dog_bark,0.8312171,alert_only,0.55,64,False,17.403982,128
dog_bark,gun_shot,gun_shot,0.47304606,alert_only,0.55,64,False,12.723287,128
dog_bark,dog_bark,dog_bark,0.87214047,alert_only,0.55,64,False,18.358858,128
dog_bark,dog_bark,dog_bark,0.9055985,alert_only,0.55,64,False,17.066177,128
dog_bark,dog_bark,dog_bark,0.7881701,alert_only,0.55,64,False,15.965954,128
dog_bark,dog_bark,dog_bark,0.92179984,alert_only,0.55,64,False,17.634134,128
dog_bark,dog_bark,dog_bark,0.8657999,alert_only,0.55,64,False,17.31859,128
dog_bark,dog_bark,dog_bark,0.9281282,alert_only,0.55,64,False,18.07954,128
dog_bark,dog_bark,dog_bark,0.9420511,alert_only,0.55,64,False,19.68836,128
air_conditioner,engine_idling,engine_idling,0.8405257,alert_only,0.55,64,False,17.022915,128
air_conditioner,engine_idling,engine_idling,0.6504437,alert_only,0.55,64,False,22.711458,128
air_conditioner,engine_idling,engine_idling,0.5935002,alert_only,0.55,64,False,22.318146,128
air_conditioner,engine_idling,engine_idling,0.72437453,alert_only,0.55,64,False,22.034985,128
air_conditioner,engine_idling,engine_idling,0.7014456,alert_only,0.55,64,False,22.101952,128
air_conditioner,engine_idling,engine_idling,0.7271694,alert_only,0.55,64,False,21.735058,128
air_conditioner,engine_idling,engine_idling,0.71305215,alert_only,0.55,64,False,21.365038,128
air_conditioner,engine_idling,engine_idling,0.7317508,alert_only,0.55,64,False,22.38624,128
air_conditioner,engine_idling,engine_idling,0.7244218,alert_only,0.55,64,False,23.579475,128
air_conditioner,engine_idling,engine_idling,0.718737,alert_only,0.55,64,False,23.998507,128
air_conditioner,engine_idling,engine_idling,0.7899655,alert_only,0.55,64,False,18.249014,128
air_conditioner,engine_idling,engine_idling,0.8044445,alert_only,0.55,64,False,17.648823,128
air_conditioner,engine_idling,engine_idling,0.833762,alert_only,0.55,64,False,15.741546,128
air_conditioner,engine_idling,engine_idling,0.82501197,alert_only,0.55,64,False,15.690413,128
air_conditioner,engine_idling,engine_idling,0.82659185,alert_only,0.55,64,False,16.331663,128
air_conditioner,engine_idling,engine_idling,0.8583587,alert_only,0.55,64,False,16.435097,128
air_conditioner,engine_idling,engine_idling,0.717404,alert_only,0.55,64,False,17.124357,128
air_conditioner,siren,siren,0.97604525,alert_only,0.55,64,False,29.39851,128
air_conditioner,engine_idling,engine_idling,0.8293195,alert_only,0.55,64,False,15.342336,128
air_conditioner,engine_idling,engine_idling,0.82463354,alert_only,0.55,64,False,19.003328,128
air_conditioner,engine_idling,engine_idling,0.8013479,alert_only,0.55,64,False,17.398428,128
air_conditioner,engine_idling,engine_idling,0.81829506,alert_only,0.55,64,False,17.074255,128
air_conditioner,engine_idling,engine_idling,0.79989237,alert_only,0.55,64,False,17.973701,128
air_conditioner,engine_idling,engine_idling,0.67156404,alert_only,0.55,64,False,19.462757,128
air_conditioner,engine_idling,engine_idling,0.6096408,alert_only,0.55,64,False,21.686802,128
air_conditioner,engine_idling,engine_idling,0.6104218,alert_only,0.55,64,False,22.828386,128
siren,children_playing,children_playing,0.33275315,alert_only,0.55,64,False,12.947022,128
siren,air_conditioner,air_conditioner,0.34650695,alert_only,0.55,64,False,15.027272,128
siren,children_playing,children_playing,0.40965346,alert_only,0.55,64,False,17.248549,128
siren,children_playing,children_playing,0.37816706,alert_only,0.55,64,False,19.573725,128
siren,street_music,street_music,0.40660146,alert_only,0.55,64,False,18.096708,128
siren,children_playing,children_playing,0.28422952,alert_only,0.55,64,False,15.994569,128
siren,children_playing,children_playing,0.3849965,alert_only,0.55,64,False,20.091501,128
siren,air_conditioner,air_conditioner,0.3301383,alert_only,0.55,64,False,20.395647,128
siren,street_music,street_music,0.29039675,alert_only,0.55,64,False,16.282503,128
siren,children_playing,children_playing,0.3574321,alert_only,0.55,64,False,16.248009,128
siren,children_playing,children_playing,0.34855512,alert_only,0.55,64,False,17.256845,128
siren,air_conditioner,air_conditioner,0.37983927,alert_only,0.55,64,False,17.244507,128
siren,children_playing,children_playing,0.35999495,alert_only,0.55,64,False,15.572076,128
siren,air_conditioner,air_conditioner,0.2954834,alert_only,0.55,64,False,15.61989,128
siren,children_playing,children_playing,0.36830634,alert_only,0.55,64,False,17.321936,128
siren,air_conditioner,air_conditioner,0.4830241,alert_only,0.55,64,False,21.28456,128
siren,street_music,street_music,0.29419005,alert_only,0.55,64,False,15.587666,128
siren,street_music,street_music,0.29950875,alert_only,0.55,64,False,14.724003,128
siren,air_conditioner,air_conditioner,0.41161305,alert_only,0.55,64,False,17.48375,128
siren,air_conditioner,air_conditioner,0.4326311,alert_only,0.55,64,False,18.306753,128
siren,air_conditioner,air_conditioner,0.47276697,alert_only,0.55,64,False,16.00054,128
siren,children_playing,children_playing,0.37808126,alert_only,0.55,64,False,17.578957,128
siren,children_playing,children_playing,0.47963467,alert_only,0.55,64,False,15.017733,128
siren,children_playing,children_playing,0.51836187,alert_only,0.55,64,False,18.856127,128
siren,street_music,street_music,0.33647028,alert_only,0.55,64,False,17.41905,128
siren,street_music,street_music,0.26863262,alert_only,0.55,64,False,15.26312,128
siren,children_playing,children_playing,0.3489004,alert_only,0.55,64,False,16.816057,128
siren,children_playing,children_playing,0.38326997,alert_only,0.55,64,False,19.365149,128
drilling,drilling,drilling,0.6234362,alert_only,0.55,64,False,12.823208,128
drilling,drilling,drilling,0.967257,alert_only,0.55,64,False,24.139174,128
drilling,drilling,drilling,0.96194935,alert_only,0.55,64,False,25.582905,128
drilling,drilling,drilling,0.87020344,alert_only,0.55,64,False,22.841522,128
drilling,drilling,drilling,0.6012281,alert_only,0.55,64,False,23.700647,128
drilling,drilling,drilling,0.93164647,alert_only,0.55,64,False,18.859936,128
drilling,drilling,drilling,0.78712785,alert_only,0.55,64,False,15.89272,128
drilling,drilling,drilling,0.8409877,alert_only,0.55,64,False,15.752689,128
street_music,street_music,street_music,0.8042957,alert_only,0.55,64,False,28.522537,128
street_music,street_music,street_music,0.8339336,alert_only,0.55,64,False,22.935349,128
street_music,street_music,street_music,0.66534656,alert_only,0.55,64,False,22.760683,128
street_music,street_music,street_music,0.630867,alert_only,0.55,64,False,18.761656,128
street_music,street_music,street_music,0.47773254,alert_only,0.55,64,False,19.090923,128
street_music,street_music,street_music,0.4978764,alert_only,0.55,64,False,19.27056,128
street_music,air_conditioner,air_conditioner,0.2069734,alert_only,0.55,64,False,15.0303545,128
dog_bark,siren,siren,0.45295012,alert_only,0.55,64,False,21.412247,128
dog_bark,siren,siren,0.3701469,alert_only,0.55,64,False,23.759792,128
dog_bark,street_music,street_music,0.37720704,alert_only,0.55,64,False,26.319572,128
dog_bark,street_music,street_music,0.5456617,alert_only,0.55,64,False,19.551815,128
dog_bark,gun_shot,gun_shot,0.47097212,alert_only,0.55,64,False,14.907067,128
dog_bark,dog_bark,dog_bark,0.36152846,alert_only,0.55,64,False,13.115373,128
dog_bark,dog_bark,dog_bark,0.3758251,alert_only,0.55,64,False,13.64326,128
dog_bark,gun_shot,gun_shot,0.32701772,alert_only,0.55,64,False,13.442085,128
dog_bark,gun_shot,gun_shot,0.48232046,alert_only,0.55,64,False,14.535744,128
dog_bark,gun_shot,gun_shot,0.33377454,alert_only,0.55,64,False,11.653107,128
dog_bark,jackhammer,jackhammer,0.3416376,alert_only,0.55,64,False,12.278129,128
dog_bark,gun_shot,gun_shot,0.38799188,alert_only,0.55,64,False,13.328707,128
dog_bark,dog_bark,dog_bark,0.43056223,alert_only,0.55,64,False,13.082095,128
dog_bark,dog_bark,dog_bark,0.33312857,alert_only,0.55,64,False,12.916768,128
dog_bark,gun_shot,gun_shot,0.3761816,alert_only,0.55,64,False,14.139318,128
street_music,dog_bark,dog_bark,0.406075,alert_only,0.55,64,False,10.452416,128
street_music,dog_bark,dog_bark,0.58001226,alert_only,0.55,64,False,14.538593,128
street_music,dog_bark,dog_bark,0.41503313,alert_only,0.55,64,False,14.8503685,128
street_music,dog_bark,dog_bark,0.7867519,alert_only,0.55,64,False,15.422718,128
street_music,dog_bark,dog_bark,0.62896776,alert_only,0.55,64,False,14.674463,128
street_music,dog_bark,dog_bark,0.47401926,alert_only,0.55,64,False,13.032373,128
street_music,street_music,street_music,0.6826051,alert_only,0.55,64,False,19.748003,128
street_music,street_music,street_music,0.4841788,alert_only,0.55,64,False,22.050753,128
street_music,street_music,street_music,0.79988194,alert_only,0.55,64,False,19.142776,128
street_music,street_music,street_music,0.73986506,alert_only,0.55,64,False,18.650366,128
street_music,street_music,street_music,0.61021197,alert_only,0.55,64,False,18.577667,128
street_music,street_music,street_music,0.5386662,alert_only,0.55,64,False,20.587198,128
air_conditioner,children_playing,children_playing,0.38600436,alert_only,0.55,64,False,10.513856,128
air_conditioner,children_playing,children_playing,0.3817264,alert_only,0.55,64,False,11.249878,128
air_conditioner,children_playing,children_playing,0.6162457,alert_only,0.55,64,False,15.477079,128
air_conditioner,children_playing,children_playing,0.54777724,alert_only,0.55,64,False,14.443055,128
air_conditioner,children_playing,children_playing,0.5360085,alert_only,0.55,64,False,13.604136,128
air_conditioner,children_playing,children_playing,0.5230837,alert_only,0.55,64,False,13.304822,128
air_conditioner,children_playing,children_playing,0.42289722,alert_only,0.55,64,False,12.1267395,128
air_conditioner,children_playing,children_playing,0.51009,alert_only,0.55,64,False,12.946958,128
air_conditioner,children_playing,children_playing,0.5452993,alert_only,0.55,64,False,13.974103,128
air_conditioner,children_playing,children_playing,0.5525656,alert_only,0.55,64,False,13.616477,128
air_conditioner,children_playing,children_playing,0.4141724,alert_only,0.55,64,False,13.767185,128
air_conditioner,children_playing,children_playing,0.4727747,alert_only,0.55,64,False,13.583334,128
air_conditioner,children_playing,children_playing,0.56249034,alert_only,0.55,64,False,13.783441,128
air_conditioner,children_playing,children_playing,0.55831504,alert_only,0.55,64,False,14.280302,128
street_music,street_music,street_music,0.54464936,alert_only,0.55,64,False,18.697107,128
street_music,street_music,street_music,0.61291945,alert_only,0.55,64,False,17.82526,128
street_music,street_music,street_music,0.60528266,alert_only,0.55,64,False,16.201292,128
street_music,street_music,street_music,0.6438156,alert_only,0.55,64,False,17.267998,128
street_music,street_music,street_music,0.54974973,alert_only,0.55,64,False,14.489454,128
street_music,street_music,street_music,0.57672584,alert_only,0.55,64,False,15.961652,128
dog_bark,children_playing,children_playing,0.3345631,alert_only,0.55,64,False,23.720934,128
dog_bark,children_playing,children_playing,0.460875,alert_only,0.55,64,False,27.108492,128
dog_bark,children_playing,children_playing,0.353075,alert_only,0.55,64,False,24.266077,128
dog_bark,dog_bark,dog_bark,0.40071768,alert_only,0.55,64,False,21.896442,128
dog_bark,dog_bark,dog_bark,0.53238505,alert_only,0.55,64,False,15.8674965,128
siren,siren,siren,0.9199299,alert_only,0.55,64,False,18.630407,128
siren,siren,siren,0.88806593,alert_only,0.55,64,False,17.18427,128
siren,dog_bark,dog_bark,0.3469266,alert_only,0.55,64,False,14.582905,128
siren,dog_bark,dog_bark,0.5285051,alert_only,0.55,64,False,14.17046,128
siren,dog_bark,dog_bark,0.4880611,alert_only,0.55,64,False,13.4456215,128
siren,dog_bark,dog_bark,0.31212968,alert_only,0.55,64,False,11.913456,128
siren,siren,siren,0.5464021,alert_only,0.55,64,False,14.611283,128
siren,siren,siren,0.43053037,alert_only,0.55,64,False,12.238435,128
siren,siren,siren,0.8322053,alert_only,0.55,64,False,17.365803,128
siren,siren,siren,0.8531675,alert_only,0.55,64,False,22.795244,128
siren,siren,siren,0.89155585,alert_only,0.55,64,False,24.123684,128
siren,siren,siren,0.7995145,alert_only,0.55,64,False,20.903193,128
siren,siren,siren,0.6895386,alert_only,0.55,64,False,20.98658,128
siren,siren,siren,0.66857445,alert_only,0.55,64,False,23.684734,128
siren,siren,siren,0.67655456,alert_only,0.55,64,False,26.3797,128
siren,siren,siren,0.63482535,alert_only,0.55,64,False,23.398682,128
siren,siren,siren,0.9415168,alert_only,0.55,64,False,29.25749,128
siren,siren,siren,0.7375316,alert_only,0.55,64,False,24.037077,128
siren,siren,siren,0.5224632,alert_only,0.55,64,False,12.2243595,128
siren,siren,siren,0.541595,alert_only,0.55,64,False,12.350698,128
siren,siren,siren,0.69023377,alert_only,0.55,64,False,12.783618,128
siren,siren,siren,0.801055,alert_only,0.55,64,False,14.372077,128
siren,siren,siren,0.8920778,alert_only,0.55,64,False,16.924015,128
siren,siren,siren,0.83870286,alert_only,0.55,64,False,16.656588,128
siren,siren,siren,0.82937163,alert_only,0.55,64,False,16.598173,128
siren,siren,siren,0.81436884,alert_only,0.55,64,False,16.716728,128
dog_bark,gun_shot,gun_shot,0.47612783,alert_only,0.55,64,False,14.470876,128
drilling,jackhammer,jackhammer,0.53397465,alert_only,0.55,64,False,22.459019,128
drilling,drilling,drilling,0.47092587,alert_only,0.55,64,False,19.927536,128
drilling,drilling,drilling,0.46898642,alert_only,0.55,64,False,18.338371,128
drilling,engine_idling,engine_idling,0.31417277,alert_only,0.55,64,False,16.191633,128
drilling,dog_bark,dog_bark,0.31506017,alert_only,0.55,64,False,12.236838,128
drilling,drilling,drilling,0.3163696,alert_only,0.55,64,False,12.27311,128
drilling,jackhammer,jackhammer,0.40744093,alert_only,0.55,64,False,19.665192,128
drilling,drilling,drilling,0.74816805,alert_only,0.55,64,False,21.143589,128
drilling,drilling,drilling,0.73533106,alert_only,0.55,64,False,24.100626,128
drilling,drilling,drilling,0.8959772,alert_only,0.55,64,False,33.01034,128
drilling,drilling,drilling,0.7233697,alert_only,0.55,64,False,28.351444,128
drilling,drilling,drilling,0.39073905,alert_only,0.55,64,False,16.594795,128
drilling,drilling,drilling,0.8334989,alert_only,0.55,64,False,34.90238,128
drilling,drilling,drilling,0.3434796,alert_only,0.55,64,False,18.07652,128
drilling,drilling,drilling,0.24645562,alert_only,0.55,64,False,15.531689,128
drilling,drilling,drilling,0.8714103,alert_only,0.55,64,False,24.975279,128
drilling,drilling,drilling,0.6234446,alert_only,0.55,64,False,18.250435,128
drilling,drilling,drilling,0.5400102,alert_only,0.55,64,False,16.45375,128
drilling,engine_idling,engine_idling,0.3906332,alert_only,0.55,64,False,15.790269,128
drilling,drilling,drilling,0.60763544,alert_only,0.55,64,False,19.120226,128
drilling,drilling,drilling,0.872736,alert_only,0.55,64,False,30.858328,128
drilling,drilling,drilling,0.8139486,alert_only,0.55,64,False,34.394848,128
drilling,drilling,drilling,0.56131345,alert_only,0.55,64,False,18.826132,128
drilling,drilling,drilling,0.32046676,alert_only,0.55,64,False,16.268084,128
drilling,drilling,drilling,0.36656103,alert_only,0.55,64,False,17.178257,128
drilling,drilling,drilling,0.3211223,alert_only,0.55,64,False,14.789182,128
drilling,drilling,drilling,0.5101842,alert_only,0.55,64,False,15.544278,128
